date,region,revenue,week_of_year,year,t,spend_tv,spend_paid_search,spend_social,spend_display
2021-01-04,canada,878986.5072183812,1,2021,0,110818.38937077222,96334.6717032829,83066.0116160883,30157.443315949582
2021-01-11,canada,892756.530001089,2,2021,1,177106.0089377453,79287.98371232218,49680.37568976808,24668.177206002307
2021-01-18,canada,965677.5154786666,3,2021,2,78384.73200723965,84136.06760366556,69134.60497254586,25276.543865012492
2021-01-25,canada,964854.3724705648,4,2021,3,53759.62233935809,71147.20008697223,57417.79299300692,36043.73413189708
2021-02-01,canada,871018.9176563884,5,2021,4,60668.67629211481,75205.02024070248,59384.2088235833,22288.86663302324
2021-02-08,canada,869805.9402056502,6,2021,5,69225.36953998284,67129.39608485838,66983.49375334216,16939.50459297002
2021-02-15,canada,1081733.733168068,7,2021,6,332586.53957206913,86545.70931237077,74881.21837108054,37878.81213439099
2021-02-22,canada,1019568.9787050507,8,2021,7,65659.28806135619,62582.71191048696,59103.56309103973,45698.71140596503
2021-03-01,canada,1057948.4559539333,9,2021,8,163597.77189252147,84064.69387220516,84188.99608805902,25308.761929073313
2021-03-08,canada,967040.35382937,10,2021,9,62779.7013826413,72721.41863843804,48648.077659803326,18631.18709368267
2021-03-15,canada,1063072.6092492626,11,2021,10,172191.44322768896,89292.73958049301,65018.84333104436,25793.118071628745
2021-03-22,canada,1075375.2740562577,12,2021,11,127480.67368145821,83919.9161993656,124649.56252324545,25918.57570203393
2021-03-29,canada,1331424.258483464,13,2021,12,302851.2342521908,187388.29864990525,179534.02752321432,55487.46207652494
2021-04-05,canada,1366718.6652447397,14,2021,13,322780.7057933151,159286.06039334857,243689.2768707424,46130.034549098724
2021-04-12,canada,1121749.19692042,15,2021,14,71959.86336345678,59407.77320544819,67218.8988015125,30818.54868272672
2021-04-19,canada,1044102.8231429462,16,2021,15,131838.9963633864,74528.95015577032,76192.58729938894,30481.074573479593
2021-04-26,canada,1005839.6516759634,17,2021,16,80318.56812010762,63207.88398536148,65161.5528621273,20354.934950742987
2021-05-03,canada,940987.7751179144,18,2021,17,52570.68120009693,69789.78433630294,63526.61978459006,31564.84042968816
2021-05-10,canada,982517.5385938413,19,2021,18,51079.1339838385,94718.88357865516,54717.62296210029,41377.67592640754
2021-05-17,canada,949097.7355404807,20,2021,19,113427.63965495405,83167.67007656409,74264.07189899098,28405.89166550831
2021-05-24,canada,972319.3238885838,21,2021,20,245855.00062752358,68128.01820381069,54063.709256658396,25655.025484857815
2021-05-31,canada,949019.1705674629,22,2021,21,112644.53248122717,65050.89838615556,79236.67561254265,26677.055924298573
2021-06-07,canada,1011587.8873794596,23,2021,22,96639.79988148801,76183.46426866978,88266.46216786001,31039.35338933607
2021-06-14,canada,943321.7498082035,24,2021,23,120716.65671843325,63227.706482073256,73970.53426064953,19415.4703513542
2021-06-21,canada,984209.5666833649,25,2021,24,211567.204697566,68686.66529787959,63020.95574920414,28362.919786959254
2021-06-28,canada,935968.2311211883,26,2021,25,116384.82047838795,79680.67165102756,76059.53502516622,25383.813834471046
2021-07-05,canada,1027608.7982750388,27,2021,26,82288.53296389805,90515.5742999978,63045.21954568032,39716.61097956114
2021-07-12,canada,1050489.917117573,28,2021,27,189559.04011145927,83474.30361551455,86306.31701380467,26505.96927839026
2021-07-19,canada,1020998.9874760279,29,2021,28,130589.36529543798,54083.58372118709,43343.640893564,38312.722929694915
2021-07-26,canada,1071250.408515653,30,2021,29,240064.47626834412,79908.21252629884,63187.41731917489,22009.10806459327
2021-08-02,canada,1116928.8468137842,31,2021,30,114093.77332055787,77248.5510921821,41900.57460296275,30866.033614855463
2021-08-09,canada,1022962.456063268,32,2021,31,52603.55880453004,81394.37493823342,47571.45234703776,29255.996550319025
2021-08-16,canada,1022352.9385116019,33,2021,32,48606.35011613704,97578.14814969608,97510.40738355402,23066.81629246993
2021-08-23,canada,1414001.2486214559,34,2021,33,818442.3129282595,106867.50211852303,226172.22277748093,59717.25922310793
2021-08-30,canada,1537122.8203596296,35,2021,34,851848.5041757049,133407.6525468524,151506.11117354018,73452.99091926133
2021-09-06,canada,1497532.5938812913,36,2021,35,299063.8169649991,159446.82160792712,124944.0035341002,54021.57555316035
2021-09-13,canada,1209242.677153916,37,2021,36,83553.63125513798,60641.59026089397,33443.02965046889,19566.364210901225
2021-09-20,canada,1199600.7701483113,38,2021,37,230450.50338371738,96025.32733407842,61442.2202559607,27349.327636185404
2021-09-27,canada,1186531.4944534504,39,2021,38,56112.9496621305,81407.92427602122,129291.60591115522,22913.354149261173
2021-10-04,canada,1203234.4499838967,40,2021,39,63063.482788951536,87549.66430515825,78939.61459525622,25629.302413856545
2021-10-11,canada,1174791.8881732624,41,2021,40,146946.92686621062,70850.8226791749,61748.18346936369,27001.352470186448
2021-10-18,canada,1146166.3059102818,42,2021,41,83030.57597573857,87294.0391711272,80015.72600695332,19512.866470251207
2021-10-25,canada,1087801.0379644753,43,2021,42,102865.74753911048,90784.43597284381,48361.74258978835,19867.25387258106
2021-11-01,canada,1107015.6250350145,44,2021,43,94287.45506389093,80169.91588765326,66527.36157888385,30223.442871670348
2021-11-08,canada,1097675.5682574366,45,2021,44,124201.81024335485,80268.4194955115,73685.72083407332,24721.190008698264
2021-11-15,canada,1113819.3332584202,46,2021,45,223711.38617426745,80783.04580932409,70556.23214952373,16432.41061821455
2021-11-22,canada,1543017.7068955582,47,2021,46,346961.6487080751,129614.83245433641,229096.57932355598,67431.39173447971
2021-11-29,canada,1858255.671757089,48,2021,47,470388.47172181285,144450.83585011243,205531.42532459967,60862.41384618621
2021-12-06,canada,1621697.2193709554,49,2021,48,106889.74653576453,144487.0141194757,223523.07453242908,49967.20499328679
2021-12-13,canada,1397337.016527899,50,2021,49,100428.55927321322,82493.76456965925,61425.44354789159,21090.83251197384
2021-12-20,canada,1406312.7591216597,51,2021,50,64875.17857743588,90575.77264843139,91594.07360834569,32439.15203567434
2021-12-27,canada,1390423.343528257,52,2021,51,168855.84611423805,126505.54034462236,286762.37461608805,61806.712768643716
2022-01-03,canada,1133703.54505247,1,2022,52,63641.00154248579,76666.18796560582,57764.03539016406,44200.007851174494
2022-01-10,canada,1131363.3423219274,2,2022,53,85839.0344834757,97653.93596177243,59144.010861294606,29851.71314309343
2022-01-17,canada,1125330.9788454543,3,2022,54,170713.7438283214,70012.43696532276,103424.3925389075,29658.39252251226
2022-01-24,canada,1068470.1218072004,4,2022,55,49735.83741617891,69260.3871844342,70813.82621175995,26544.40322514682
2022-01-31,canada,1098967.3873479273,5,2022,56,104908.55476618411,80846.80446209533,105830.75009134065,32315.910161577005
2022-02-07,canada,1132501.3154362487,6,2022,57,79039.56536094371,89109.63014706003,66903.23714432631,31100.427044484935
2022-02-14,canada,1061576.9019010079,7,2022,58,86144.10563851746,78722.03009258628,107838.87174366513,35252.96051202037
2022-02-21,canada,1143832.680538314,8,2022,59,179066.73305002425,96019.63691555405,77691.33666350275,24728.092028339495
2022-02-28,canada,1067269.7912570536,9,2022,60,138685.00814660214,89543.74088863275,80433.03818788743,25156.668627823736
2022-03-07,canada,1141374.4349691235,10,2022,61,215252.27274369937,89432.18636931716,111837.04126667733,24937.77883629313
2022-03-14,canada,1126722.5338806598,11,2022,62,94752.06322570177,85740.4414091988,69298.01119381453,32148.469816250876
2022-03-21,canada,1122895.8399729768,12,2022,63,70349.33328233361,111983.84273261332,60133.904162610386,37035.592074733635
2022-03-28,canada,1376913.8116536057,13,2022,64,291858.82324148866,145661.54821472926,177366.85905441985,52581.99476387705
2022-04-04,canada,1385492.3766872268,14,2022,65,377196.3174247866,111333.60868778934,222836.93844859692,52941.47771086182
2022-04-11,canada,1178934.5403694366,15,2022,66,113676.5448788146,100770.26174588794,51904.27177131439,29224.866956150767
2022-04-18,canada,1097337.5594094761,16,2022,67,56816.58673350753,74035.87116376837,90306.01750190312,26129.167266895296
2022-04-25,canada,1108301.9829214327,17,2022,68,108419.84266590921,80671.56855373898,67500.77309806016,33202.17018496671
2022-05-02,canada,1061592.264050589,18,2022,69,116952.43624921468,96702.20834270187,103211.52825285624,17493.844077612855
2022-05-09,canada,1054435.5863912834,19,2022,70,411929.60101465444,62543.618272786676,42702.51519040618,23262.98569870104
2022-05-16,canada,1064426.0252797208,20,2022,71,289601.627115048,65986.8549700332,64018.811104810375,23469.95854075062
2022-05-23,canada,1017172.0527300222,21,2022,72,64518.88037593979,62677.996118752766,51274.6705424755,17255.54097253891
2022-05-30,canada,1054768.4745407752,22,2022,73,88074.31034926527,70815.7330581002,63768.03581877035,22634.53463854389
2022-06-06,canada,1035840.0927025095,23,2022,74,46124.70200629517,85297.62652549736,83656.69078237264,22855.077140836096
2022-06-13,canada,1042348.5897208769,24,2022,75,74541.26652370256,86472.70499400738,75414.06431665525,26363.581766955973
2022-06-20,canada,1024948.3545312625,25,2022,76,122710.079364961,83399.41256459714,74251.02335325925,34288.077140407506
2022-06-27,canada,989543.7308204852,26,2022,77,200228.90443774778,64798.64914413938,76248.30940431962,26132.83004281535
2022-07-04,canada,1029103.6545987751,27,2022,78,69078.64457697347,56694.863966073426,83733.0724666395,22332.472073831796
2022-07-11,canada,1014173.3696746188,28,2022,79,71985.24739605731,80911.15312448706,62031.88138781793,27134.706792092962
2022-07-18,canada,1024335.7619686192,29,2022,80,31665.658843327466,74845.93008738215,95534.78275488284,33853.39312836312
2022-07-25,canada,1006916.8120070293,30,2022,81,94327.75627638078,86151.33906566899,94768.77618352545,22578.830120556395
2022-08-01,canada,1011383.2595419365,31,2022,82,57507.410413693084,89433.03963643673,88679.4773131974,22876.027619077224
2022-08-08,canada,1024872.5364873477,32,2022,83,77095.89662834315,82263.93978805105,92841.88416054379,30689.30743881142
2022-08-15,canada,1003833.1448625422,33,2022,84,63686.22650518638,90397.45409374061,87257.58787945296,26256.072274499908
2022-08-22,canada,1461038.7908217637,34,2022,85,313421.2548276708,158765.97047625665,351438.7011578913,65604.13930011353
2022-08-29,canada,1481398.52928593,35,2022,86,125542.19752816187,166260.9819496154,207366.7457915271,57478.58804038064
2022-09-05,canada,1422505.30313059,36,2022,87,147306.82665208535,138289.25458847298,196858.89274058276,66318.87745698291
2022-09-12,canada,1266407.0322673842,37,2022,88,332728.77026974125,78826.75193203657,67922.01202569008,22313.433302913676
2022-09-19,canada,1206957.1906002492,38,2022,89,50813.36055626788,83488.59683488272,63540.14440192188,27379.30894182657
2022-09-26,canada,1175262.957937084,39,2022,90,56430.49334994955,91768.8040607405,60437.82382279913,26313.089297664425
2022-10-03,canada,1180883.0980670585,40,2022,91,283310.7022909138,76564.34267285258,66256.2141361833,21520.938078553612
2022-10-10,canada,1236275.1431481587,41,2022,92,509805.196888054,87914.71813997698,81536.76318986155,20075.675751303577
2022-10-17,canada,1236714.1756553631,42,2022,93,54156.61339031902,78203.61121662462,90494.89019166716,31480.059613132253
2022-10-24,canada,1162673.5288264256,43,2022,94,84242.94413186445,80042.66617931813,84563.32218013,25585.199345653047
2022-10-31,canada,1155765.196448987,44,2022,95,124474.05440075962,92353.0286529138,69153.3708340539,22370.61917311738
2022-11-07,canada,1172469.5923961573,45,2022,96,266940.4092618086,60535.56780246892,105188.32057196609,26922.671081444692
2022-11-14,canada,1162605.4698044853,46,2022,97,59947.57016621404,67270.29764327666,101347.45980691745,34391.46013413498
2022-11-21,canada,1575448.3342998708,47,2022,98,288440.76300297887,124426.50530149117,211092.51943114362,36524.902412395575
2022-11-28,canada,1884116.9961535158,48,2022,99,506198.1631607907,109617.83777655332,187162.09653294156,42726.27698056171
2022-12-05,canada,1684280.2593569588,49,2022,100,419269.4925767392,140653.91463342024,253485.4926301896,47921.51490540762
2022-12-12,canada,1551242.1556083874,50,2022,101,83877.37439341458,91799.12189225928,89360.35019947494,36761.102303055144
2022-12-19,canada,1477372.8614586892,51,2022,102,95836.06852555438,78685.157173492,59539.94137656854,29041.385729004676
2022-12-26,canada,1484458.465157458,52,2022,103,154965.08879725152,160888.092603181,219245.27402815074,67195.43428254047
2023-01-02,canada,1243966.3537264836,1,2023,104,90490.6186128331,96889.26928615301,91852.05242515379,21849.375203995784
2023-01-09,canada,1213405.9827680653,2,2023,105,89097.26367413004,100518.17614898038,68905.91450119902,21939.690215398936
2023-01-16,canada,1176721.66282089,3,2023,106,117206.2475047251,81598.79205673709,90751.2339196826,30017.101027962224
2023-01-23,canada,1171227.3859760556,4,2023,107,76005.96107680646,101111.36494450113,60337.33759779501,27767.30852439808
2023-01-30,canada,1215035.5338601314,5,2023,108,133698.58894753666,83763.9855390286,121595.35438321928,30629.1531872614
2023-02-06,canada,1150234.2799199363,6,2023,109,180050.15349054217,72935.38529693802,119299.2741636676,26434.508903117752
2023-02-13,canada,1192929.71964184,7,2023,110,112362.2327011876,75718.54399446366,82229.48401781815,29015.589527639455
2023-02-20,canada,1171711.5366148395,8,2023,111,125174.37527636655,66360.5115248639,96207.0222253443,28327.36580965418
2023-02-27,canada,1126264.8240086264,9,2023,112,106216.25782438689,72599.79315932676,48238.322809459554,32064.772191533317
2023-03-06,canada,1094755.474164504,10,2023,113,103160.71984981219,78687.09367131088,66190.89194377408,32252.842102370665
2023-03-13,canada,1112615.027433203,11,2023,114,69365.16694793782,93758.17906589726,82366.64518776265,19850.518174411696
2023-03-20,canada,1096094.672952497,12,2023,115,122770.11055561565,107694.2427653528,68005.42947544208,17509.626214680007
2023-03-27,canada,1435942.8189983228,13,2023,116,312900.39825482806,128599.9999017891,277196.565491545,70420.95917678806
2023-04-03,canada,1522616.7025606898,14,2023,117,1043812.4664808009,167998.9381619082,383157.9852472501,73089.65757887873
2023-04-10,canada,1348570.573448122,15,2023,118,245080.55174578834,71385.69948543544,66850.156837408,22378.035198093152
2023-04-17,canada,1238725.4582305807,16,2023,119,127543.48262940701,89692.14687358956,72983.76268759457,18920.338013404522
2023-04-24,canada,1191187.8080146126,17,2023,120,67799.86999386706,81983.26621605888,95723.17570809694,27994.59551928623
2023-05-01,canada,1186279.757740518,18,2023,121,55947.5941140682,63595.44065502276,135418.89409961065,33061.589002699235
2023-05-08,canada,1199598.0365477642,19,2023,122,198615.4150106654,96295.51099381463,66886.40864962069,39319.61149606291
2023-05-15,canada,1195763.5567307773,20,2023,123,119194.16673095696,76586.93857987721,96915.93032152929,30431.066915396994
2023-05-22,canada,1174541.3109245682,21,2023,124,134332.841858116,77485.52301337497,144013.2193053131,25479.16784071572
2023-05-29,canada,1090390.3465665882,22,2023,125,39516.54519668769,71572.63394812368,60620.68099047411,22955.97809108219
2023-06-05,canada,1138739.4483430656,23,2023,126,171800.32609198117,76251.16270807001,66706.61341388065,27508.492316504926
2023-06-12,canada,1078472.2678725733,24,2023,127,132445.72366672865,89779.63985618488,82902.50333374499,25851.059055963804
2023-06-19,canada,1056032.452348826,25,2023,128,56008.578491651504,81923.6327196695,81159.41574249249,22402.911520974558
2023-06-26,canada,1003875.5718193077,26,2023,129,79591.16535471145,88630.22654709019,113602.81094647296,41345.171382563116
2023-07-03,canada,1101612.3063156991,27,2023,130,119257.64123740979,89162.57911591193,98787.23215717632,39222.01477614541
2023-07-10,canada,1076266.6709626857,28,2023,131,106176.04112303474,103055.93566163655,59848.024942771655,34446.73599738263
2023-07-17,canada,1112090.9949006978,29,2023,132,87842.68907204799,80379.10343463297,106420.3753212282,22829.06330595271
2023-07-24,canada,1084172.5599655348,30,2023,133,97448.41834010542,67873.3171997492,81219.48994907839,32564.03228145586
2023-07-31,canada,1093133.4145355588,31,2023,134,89806.2152245912,99509.63967775009,129430.91675199973,31191.0062510152
2023-08-07,canada,1099691.7333006016,32,2023,135,112185.20531294779,80757.22507296721,80691.56912903569,29985.49111021209
2023-08-14,canada,1214481.0629001386,33,2023,136,231727.54995448623,100419.76249851564,80751.18770152816,35238.4411055442
2023-08-21,canada,1506191.9823422083,34,2023,137,80457.60583196575,171148.2452666315,282680.23519944935,65445.39190109215
2023-08-28,canada,1659685.1868328494,35,2023,138,289780.8382521144,158594.7832469525,299693.5866075629,66829.50683935592
2023-09-04,canada,1664875.0091813174,36,2023,139,363752.752090848,170602.95056218217,277841.08237319376,65465.48856052615
2023-09-11,canada,1363868.7384765728,37,2023,140,121393.63376695388,114299.25401047342,62872.520843697195,29381.428520586098
2023-09-18,canada,1268315.8371429588,38,2023,141,84073.2735736693,116595.97339845162,109948.56285607613,19210.985641436193
2023-09-25,canada,1171519.889506401,39,2023,142,39253.662909878985,86364.29439727623,74434.72241598113,27908.42810029118
2023-10-02,canada,1230092.2683872704,40,2023,143,123549.17547825899,87636.2960120198,102546.2669798273,24556.24297889632
2023-10-09,canada,1236804.423052892,41,2023,144,266742.6565777436,100645.27288593033,67935.37965312833,21247.43789909944
2023-10-16,canada,1219532.1944247358,42,2023,145,44372.4140016438,75513.88200114941,108751.62461570183,38419.6033806675
2023-10-23,canada,1230217.4266336178,43,2023,146,165893.68814262433,90208.68586553521,79744.82544593305,38783.83663847077
2023-10-30,canada,1213344.4799168867,44,2023,147,86103.74186941695,85565.76275351795,71009.8377541845,36019.0739552285
2023-11-06,canada,1246567.1381254941,45,2023,148,99734.66928463944,90129.75863064842,117322.62669716383,28882.826898933767
2023-11-13,canada,1187360.7580477418,46,2023,149,57809.17857201232,75956.31271226727,104572.35647953265,35957.20690693136
2023-11-20,canada,1597904.4968612557,47,2023,150,274634.64694576187,128970.27167540713,220187.80946123094,57774.78824718465
2023-11-27,canada,2008348.9987154976,48,2023,151,674800.4919296103,120069.29501862681,370097.05539832736,60021.408702251705
2023-12-04,canada,1729346.1503964541,49,2023,152,454797.8050516227,138713.1918389555,231320.21771154052,46314.15235554519
2023-12-11,canada,1575200.8971295888,50,2023,153,267471.52866051934,80669.48474689023,100431.61642303913,29713.53812500819
2023-12-18,canada,1596830.6802612348,51,2023,154,197121.10414605806,82779.66395636943,106876.50560653654,27779.037676739725
2023-12-25,canada,1642179.3098730138,52,2023,155,420267.0010156159,219993.76954494003,223192.83377740518,44416.51818909794
2021-01-04,united_states,578716.871730272,1,2021,0,41082.580119370745,66842.18546526002,51069.73530583761,19200.036360523336
2021-01-11,united_states,614728.7833060764,2,2021,1,73716.55950891362,61016.76448323506,36206.29089581771,24778.505798239785
2021-01-18,united_states,711508.5057789474,3,2021,2,129764.1894534613,53876.011457031855,68299.26547679157,22696.797230806387
2021-01-25,united_states,758377.5547305755,4,2021,3,124566.8377760881,71524.2824385154,78591.83993749952,24566.705263675492
2021-02-01,united_states,745056.3244128921,5,2021,4,86916.2510456125,75487.74981630455,44204.98094631071,21526.47376274808
2021-02-08,united_states,767962.8985389082,6,2021,5,125974.10224563391,64217.48734690434,58355.48848573682,23895.315022851613
2021-02-15,united_states,762832.6546897336,7,2021,6,101340.0162376186,69071.42339688598,45272.888189624726,19831.52224970976
2021-02-22,united_states,785095.1560154721,8,2021,7,149714.19536881082,71979.76688773971,46522.24408153007,33682.85053534416
2021-03-01,united_states,754576.0687214222,9,2021,8,90713.5923712575,70852.86921462785,66265.60160308842,15759.705064485299
2021-03-08,united_states,760224.4063603784,10,2021,9,63619.8543386903,65641.29151678273,54239.43357234119,27749.83566161414
2021-03-15,united_states,753693.8580191749,11,2021,10,93062.597827277,65551.86245957064,84855.54036260142,28349.912493005086
2021-03-22,united_states,689013.1669163434,12,2021,11,15436.468025625267,64847.486535701166,48836.386710760264,18185.247567296934
2021-03-29,united_states,941580.9344992139,13,2021,12,286505.8956162197,96770.46181817833,177355.1302356533,67359.527545042
2021-04-05,united_states,908602.7038370678,14,2021,13,31203.956732693947,126855.72616465278,141977.54156264907,52630.073215835306
2021-04-12,united_states,707807.9057810572,15,2021,14,29983.72685303914,49092.951533979896,67827.30302617038,26187.187245616784
2021-04-19,united_states,714520.7797268436,16,2021,15,99189.52369968119,53458.04544397863,49860.365350565706,21685.566278124283
2021-04-26,united_states,743631.673168842,17,2021,16,100604.88406358846,73304.45082536525,55236.370353001024,20647.56142664846
2021-05-03,united_states,714760.9511076668,18,2021,17,40822.10979015948,68451.06375920004,54496.26232170673,20679.8684406727
2021-05-10,united_states,700618.6474992839,19,2021,18,52295.14554192642,75504.7306320687,45649.29065547565,23316.204072758843
2021-05-17,united_states,713249.9703716845,20,2021,19,164408.9980959529,58051.69525040971,66587.5910418855,28539.23217919887
2021-05-24,united_states,669968.1932675284,21,2021,20,59284.21596433553,50919.56560348809,66590.07991474013,22360.707674871606
2021-05-31,united_states,715253.184991796,22,2021,21,265646.3312009132,58441.04624746634,65849.87615900688,17970.899024486946
2021-06-07,united_states,750390.2399496969,23,2021,22,77285.29858955077,61583.14815103942,83615.2396772525,25429.956423222
2021-06-14,united_states,751962.9073446286,24,2021,23,96832.19845245592,61432.03104195246,82048.95588271672,25926.681252437425
2021-06-21,united_states,789855.9296741072,25,2021,24,188263.12577928952,72033.74156070736,52156.00003776725,24581.0140666049
2021-06-28,united_states,730295.5351050715,26,2021,25,83148.20219983513,57621.25481260165,63069.29164339019,25031.680300765365
2021-07-05,united_states,726687.2483582261,27,2021,26,44579.3381253236,64192.52312284693,49307.00924968509,20426.985132373113
2021-07-12,united_states,688800.5943774582,28,2021,27,72835.94416604213,52551.15093523055,58136.91061463135,17907.9477007201
2021-07-19,united_states,714072.7592261387,29,2021,28,75866.38989355795,65276.24341376482,49899.95367434028,18127.022255426647
2021-07-26,united_states,714508.6234598914,30,2021,29,36523.34925276983,61102.10726730171,87179.61432702866,15548.27661190293
2021-08-02,united_states,710848.5844098683,31,2021,30,67212.01532952093,54631.33239083051,63871.48337489682,22610.901916816478
2021-08-09,united_states,697678.7306553114,32,2021,31,51436.80766590809,59068.90644144232,55392.08323132375,21207.453428662033
2021-08-16,united_states,754958.9160543793,33,2021,32,128632.10577944238,59587.88078754058,79070.83652290252,19747.855683244437
2021-08-23,united_states,954171.3444843281,34,2021,33,236561.56467358448,111877.96622490275,85504.74410325076,23880.586990147563
2021-08-30,united_states,1025308.7134999154,35,2021,34,198667.84249271406,152114.36603580575,89183.45797731732,33606.723125680626
2021-09-06,united_states,1026245.1589087298,36,2021,35,218934.34649036638,115026.67519773076,180580.45187044615,53966.19134025826
2021-09-13,united_states,853523.3528099505,37,2021,36,87468.3296032748,59293.053511684055,60282.30555976273,18880.266070697802
2021-09-20,united_states,832144.1450368604,38,2021,37,108614.77849630716,44945.84995750702,63404.10408501462,23177.008836679357
2021-09-27,united_states,799473.3944321983,39,2021,38,44643.91181785816,53889.97521798563,42876.05452998433,16328.390927299948
2021-10-04,united_states,769099.3949342573,40,2021,39,43627.44707628303,59300.2820042057,59566.87361560902,28754.19155489102
2021-10-11,united_states,804366.0612986895,41,2021,40,142043.48438716747,55712.06187005796,99164.58029207526,20952.058961985527
2021-10-18,united_states,844133.8641887407,42,2021,41,61668.569372145794,76045.37601006014,74065.43493459513,22852.271752865043
2021-10-25,united_states,760283.7399551498,43,2021,42,35491.61670369197,60360.3788207011,63074.79211413597,34336.1388992336
2021-11-01,united_states,752871.9326140996,44,2021,43,98756.444310352,75138.99867574868,54332.71837578774,29204.72389676566
2021-11-08,united_states,747911.2962020673,45,2021,44,99824.44204958281,62572.649393469015,55105.10531858107,20281.90945955102
2021-11-15,united_states,748546.8794356762,46,2021,45,33336.94624641948,62405.67724168554,35822.69449573867,19151.83275720457
2021-11-22,united_states,1062626.6175432524,47,2021,46,263324.444853752,116466.7700340949,163134.8950271676,40410.135475720854
2021-11-29,united_states,1304946.1812610955,48,2021,47,347840.01944465196,118213.7470835548,189527.4021186097,47759.0837107054
2021-12-06,united_states,1176324.0384986969,49,2021,48,285169.71875700913,153046.79355169012,103777.94957701555,42230.58861100406
2021-12-13,united_states,943706.0850402297,50,2021,49,109524.6333874793,43997.30884924089,52326.8122467371,19925.366617023574
2021-12-20,united_states,991754.2322549456,51,2021,50,35737.89700051221,46193.436329769334,46362.571089916186,28918.41829883553
2021-12-27,united_states,1023092.8724572329,52,2021,51,278451.5410052073,109338.36507924683,121973.89865272,42154.76200146934
2022-01-03,united_states,853751.5764142398,1,2022,52,65504.49738310391,62630.21076882767,63131.513023776235,34156.75164248813
2022-01-10,united_states,837546.9820268513,2,2022,53,59324.660704084075,69378.96638782567,37104.73622121685,21959.304965303723
2022-01-17,united_states,839139.460401603,3,2022,54,124881.49598443619,67224.02240487623,73069.29808766999,30818.221808533264
2022-01-24,united_states,838816.7731585292,4,2022,55,174541.17107411165,59170.91932675734,75891.1401183758,23161.845582662998
2022-01-31,united_states,867414.0902055138,5,2022,56,207568.87252052382,73106.92787676342,59207.96288824687,26144.388223781967
2022-02-07,united_states,887324.3124509186,6,2022,57,159445.79156451867,73302.54962271333,34009.84595428958,18655.112609039566
2022-02-14,united_states,875078.5591094294,7,2022,58,72835.67456686182,64629.712846760376,49437.9352512631,18179.42770427144
2022-02-21,united_states,846550.9562325345,8,2022,59,93930.55756903879,72708.89416820568,86577.82310767542,23641.02722342275
2022-02-28,united_states,871629.1442323676,9,2022,60,117956.06797091498,65625.30521012505,31858.848261310755,26278.552228295503
2022-03-07,united_states,814417.0850049562,10,2022,61,82699.00267836092,57965.13032867527,58669.99161101332,21738.692857998874
2022-03-14,united_states,834904.0304583341,11,2022,62,83136.1789615297,70086.91458072515,47789.43296416985,16672.552198632347
2022-03-21,united_states,801871.2654044554,12,2022,63,121707.89771836887,64241.86182774643,78723.58763648516,16428.058878158365
2022-03-28,united_states,987665.2077908206,13,2022,64,224655.13739266963,120195.24313392091,136361.3031316784,32419.57326397284
2022-04-04,united_states,995195.3931809036,14,2022,65,155409.58941747705,150033.5605203665,179122.60329291926,30285.383740561196
2022-04-11,united_states,889816.2914383011,15,2022,66,61596.15711646695,43878.777060272754,74824.98720138485,22041.775194311944
2022-04-18,united_states,825222.5864238272,16,2022,67,109640.88881662519,51285.52040463252,103114.36858294901,27005.788656220866
2022-04-25,united_states,763052.3425490631,17,2022,68,77494.42362077681,53143.72421272713,62118.40426077986,21506.58776711977
2022-05-02,united_states,777451.3230507837,18,2022,69,93286.47712219572,60193.898181694945,72008.51653607764,13721.43902347683
2022-05-09,united_states,751131.8853773463,19,2022,70,111843.79983480912,61244.15155643869,45354.2979086549,20757.141606950216
2022-05-16,united_states,733564.7923713586,20,2022,71,62953.53192432864,50803.24541699221,88798.31846568495,20873.546801864566
2022-05-23,united_states,769904.6186554629,21,2022,72,117272.01610601206,54997.34335103938,54687.360855614075,32793.88953608046
2022-05-30,united_states,737990.9237222108,22,2022,73,95289.83122938949,56088.55801409832,57660.17918020209,16112.81423724207
2022-06-06,united_states,754169.62297298,23,2022,74,39228.85106064784,92357.89571177567,66167.46659779304,19943.572936066317
2022-06-13,united_states,782331.8022943693,24,2022,75,171028.00336828572,83790.39471385392,45151.579939893425,30332.29509019631
2022-06-20,united_states,762925.5472972963,25,2022,76,58741.71144381917,60177.238022956146,70876.1774477541,23595.077779848856
2022-06-27,united_states,702947.3233498984,26,2022,77,31132.653856113277,60674.201686732,85507.48747437914,24136.013665923896
2022-07-04,united_states,679634.3405861489,27,2022,78,43544.596945561156,53983.31344993306,72455.04796762984,22064.265204522628
2022-07-11,united_states,709331.2429076892,28,2022,79,44123.160762884945,48222.973037830394,45399.632195412836,23035.3769179217
2022-07-18,united_states,708734.0215415542,29,2022,80,79619.17816817306,63150.61332278771,65678.496923158,25192.95418057061
2022-07-25,united_states,702013.5770673954,30,2022,81,66549.22452656462,55388.73821190673,81795.86059384169,18341.11368907429
2022-08-01,united_states,738077.4152360322,31,2022,82,64283.44210994158,63581.72013585214,42615.48692646792,25704.19399720984
2022-08-08,united_states,748251.4761194368,32,2022,83,108787.42528803388,50704.882742163325,52248.90465587745,16386.23822568603
2022-08-15,united_states,768649.5413629778,33,2022,84,93269.31038725187,57555.8868768666,85356.94703148498,23028.119310934588
2022-08-22,united_states,1068869.1624851718,34,2022,85,276164.93777325336,125486.73314626876,183922.78796948632,44698.4053539781
2022-08-29,united_states,1094899.5452641118,35,2022,86,290783.0947955336,129779.50781213117,191135.11472720176,38127.31735948047
2022-09-05,united_states,1093690.4702270946,36,2022,87,325722.5763904657,130912.0562184774,275298.75787848036,42933.50737902193
2022-09-12,united_states,910456.32922197,37,2022,88,24268.648504776666,53142.51377160127,78009.15332158185,19039.855172067037
2022-09-19,united_states,897500.6243499885,38,2022,89,63314.76976695958,73718.43852264088,82035.77946548804,17404.036950950835
2022-09-26,united_states,878073.8669782658,39,2022,90,23323.096480753306,57570.93488806507,137464.4550855611,20091.95537868693
2022-10-03,united_states,837001.614026259,40,2022,91,78916.68139811914,71448.5621080769,66368.55419266404,17292.013132908913
2022-10-10,united_states,857733.0685625954,41,2022,92,77170.05827397232,64939.287267821914,57523.83136548673,23002.477929171324
2022-10-17,united_states,842023.595255597,42,2022,93,137497.04438098663,52962.809957820515,78383.59201385322,17133.324265259216
2022-10-24,united_states,828667.8459448532,43,2022,94,148674.38608267845,62154.17164104039,78839.07792399019,24864.419801633238
2022-10-31,united_states,813729.693130144,44,2022,95,86494.94274639458,68913.46969244366,62114.390323217805,17026.086020859053
2022-11-07,united_states,837575.6797684387,45,2022,96,58754.10822197153,71592.57741963939,54902.165512209336,19255.244597341843
2022-11-14,united_states,848576.7311667732,46,2022,97,101028.05820092346,64000.94890654537,126990.04045832074,19031.999975536706
2022-11-21,united_states,1136300.4499007107,47,2022,98,173611.01635344012,156439.02455889093,193958.58651907442,56216.98748787315
2022-11-28,united_states,1369041.1594529664,48,2022,99,231923.13467303984,144752.53033384643,149285.10899495718,46073.94579236379
2022-12-05,united_states,1216064.5226479054,49,2022,100,399233.6894661725,119869.10601573461,226084.17612506024,41340.50927703605
2022-12-12,united_states,1095109.3061090445,50,2022,101,56927.89289306644,73446.87587540677,70199.64852843429,23826.21253351618
2022-12-19,united_states,1053152.8946249369,51,2022,102,120503.99692872999,87804.48830442109,67925.03968723297,14148.43452781798
2022-12-26,united_states,1065765.752098233,52,2022,103,336885.3658422656,167665.29036168885,208821.4456956247,42758.28235816833
2023-01-02,united_states,911248.393549466,1,2023,104,45760.63258314302,54753.57233738205,52701.58611080208,32154.27103294778
2023-01-09,united_states,914041.3473045705,2,2023,105,132184.86574209455,57343.65095787258,79739.76772867322,22142.785992987498
2023-01-16,united_states,952087.9668081456,3,2023,106,113609.95793054071,82415.985388946,118137.10290542657,21859.26998533095
2023-01-23,united_states,888668.0479343245,4,2023,107,81827.95295371774,56334.038292030746,82528.77840127105,24062.825260755802
2023-01-30,united_states,818801.113560956,5,2023,108,50870.4277971529,54198.83578326595,67057.14250463806,25794.557034640813
2023-02-06,united_states,803480.133637684,6,2023,109,48230.729534080485,61504.53912031893,65093.02130963289,14462.355697663095
2023-02-13,united_states,811300.263432866,7,2023,110,57560.99988427537,70532.50061934772,66886.96998799733,15403.228911194996
2023-02-20,united_states,831176.3343328726,8,2023,111,104270.30617255271,65279.60065387948,69762.3183640516,22490.67348672513
2023-02-27,united_states,804103.1239932128,9,2023,112,45739.663339509716,60186.86002419344,67838.41027619288,18691.46758728337
2023-03-06,united_states,832278.2478996278,10,2023,113,98414.82045245222,60033.70956869826,94033.73117778204,28034.825517057474
2023-03-13,united_states,784355.0365313267,11,2023,114,39079.34745825996,59751.066530293676,48631.37667212818,20247.019051461943
2023-03-20,united_states,801917.8269416629,12,2023,115,69153.03511391403,58329.65675592628,93323.01273170029,14645.546648534686
2023-03-27,united_states,1028417.8624275179,13,2023,116,246528.6524910889,178240.7952880965,171559.70282898628,33467.90267908345
2023-04-03,united_states,1048418.1801393692,14,2023,117,890687.4130220087,132491.2556352834,207905.8668758542,24884.731683453887
2023-04-10,united_states,935870.5505732992,15,2023,118,36271.63604962585,76252.4434093323,57271.68037757651,20577.893034766323
2023-04-17,united_states,867079.9307637473,16,2023,119,173845.62311117924,62095.497460014565,106134.43237502633,20767.00912802466
2023-04-24,united_states,888979.2381286728,17,2023,120,84013.12175589339,65049.01746982291,104266.80042505768,19809.268047720798
2023-05-01,united_states,870458.876869383,18,2023,121,96999.3449355712,60159.59847413187,97362.1375180937,26757.592401509723
2023-05-08,united_states,824731.138942232,19,2023,122,82570.38017499016,45027.67733626451,52606.863015877294,27405.573926002373
2023-05-15,united_states,856649.6625372937,20,2023,123,98806.10756845107,54561.67491562516,94803.94833662415,20841.887184994877
2023-05-22,united_states,784034.2010105539,21,2023,124,71096.12701276068,51184.65609710736,85519.12803564999,14070.828026088539
2023-05-29,united_states,848206.9264899191,22,2023,125,172136.41451788167,47969.458980640506,51894.042520492105,24397.941633471768
2023-06-05,united_states,799549.5563220469,23,2023,126,60189.657847726776,56245.596751428944,77280.60130566215,24097.654185552783
2023-06-12,united_states,813445.7781978514,24,2023,127,144212.61230919752,82168.7004496427,85425.65349724217,22940.886778633165
2023-06-19,united_states,824711.9765915216,25,2023,128,54280.10417679648,66978.06513214987,89884.64743613334,26241.40228060791
2023-06-26,united_states,749413.545069282,26,2023,129,74845.1381971059,81909.47463180723,82008.1953336587,17082.880711556067
2023-07-03,united_states,794794.7686804762,27,2023,130,42904.65235556097,71856.92520316775,84631.55662542277,32226.642929420632
2023-07-10,united_states,831782.8707222308,28,2023,131,99367.2633161531,76051.66635041415,114079.74366062801,17799.260344056016
2023-07-17,united_states,864199.8770472605,29,2023,132,171293.58344654486,59139.20412697749,107554.62392446448,25050.330944439807
2023-07-24,united_states,817939.351638831,30,2023,133,74144.34278176358,73304.40845015975,38772.9229578808,15387.7680982106
2023-07-31,united_states,854326.7673597669,31,2023,134,69426.77055795574,75666.44066225832,73561.49696710995,17903.379893788093
2023-08-07,united_states,847237.8917377514,32,2023,135,41909.82727692131,62273.128801683284,76654.94679047485,29204.306541673526
2023-08-14,united_states,849453.5578603434,33,2023,136,68200.28275963306,73918.09553342393,51699.48206108168,20467.995861684012
2023-08-21,united_states,1062431.8384774737,34,2023,137,96653.7607727202,140725.07408653348,205676.47240011627,51017.777731032445
2023-08-28,united_states,1149546.8133022503,35,2023,138,140483.3626279941,119157.55406894298,275322.6270860363,45221.86512887482
2023-09-04,united_states,1064217.5881120015,36,2023,139,262934.3245250019,109449.5518998741,154023.88694240816,42232.83515437361
2023-09-11,united_states,943167.5481240221,37,2023,140,159815.0052462397,57134.34126412162,88195.38850100094,28326.917991211205
2023-09-18,united_states,936279.30462652,38,2023,141,362717.9895383028,69199.9361873504,64682.7196798416,20567.46973221029
2023-09-25,united_states,932567.2874308309,39,2023,142,56032.83586011085,71813.68737416272,68955.91962570472,15103.021631459687
2023-10-02,united_states,926337.9899353002,40,2023,143,170370.37718729803,60772.91636983683,118366.93022279716,18364.04055842625
2023-10-09,united_states,930739.0950735866,41,2023,144,88466.46331044691,68786.69993718194,71650.27721591231,24077.57234446727
2023-10-16,united_states,967340.9558344507,42,2023,145,71191.5025166838,74709.15682413141,92386.89222573844,23339.431625928628
2023-10-23,united_states,901221.4523187975,43,2023,146,98148.98886952037,75320.34001506599,51708.540808841426,15762.454320659432
2023-10-30,united_states,931492.1957405166,44,2023,147,80046.9819246628,86730.28486579221,131894.5046181453,18656.1145352927
2023-11-06,united_states,909368.8462777389,45,2023,148,82210.03043850018,83309.92888339331,96551.99058653357,19195.928197916044
2023-11-13,united_states,879876.1171661018,46,2023,149,61804.51566304804,59253.591661533064,79582.08960414458,20044.374374063285
2023-11-20,united_states,1170811.3946356624,47,2023,150,107577.51377574091,168580.17114560073,241190.45511452827,32753.40467428348
2023-11-27,united_states,1392388.2316781492,48,2023,151,99303.22993994743,121052.76476789684,147266.06486285717,38035.32800936276
2023-12-04,united_states,1286011.842159868,49,2023,152,332439.0864954374,153485.08879243225,282399.8480279084,37280.39319605897
2023-12-11,united_states,1144079.986729285,50,2023,153,66445.0055149121,69840.64222087583,77742.32755827197,25162.35693510749
2023-12-18,united_states,1103571.4621394936,51,2023,154,55740.71088270408,65052.53711590794,80348.56152095103,25352.23053103682
2023-12-25,united_states,1090300.6205489754,52,2023,155,233189.17958909058,100355.25805766755,187497.1987378389,41889.17927157787
2021-01-04,germany,244905.8696186698,1,2021,0,29660.681436167615,25242.412087600052,22446.7331096573,6920.475597210278
2021-01-11,germany,271463.4147013513,2,2021,1,30491.54476047678,23168.629533997017,18977.74919501537,9836.02847005169
2021-01-18,germany,290467.5956394209,3,2021,2,53774.96734088644,23648.095872890866,29750.475737429748,9566.085165762299
2021-01-25,germany,281305.91590451286,4,2021,3,20337.597855402822,21108.878088157373,19018.495023910295,8925.389368298122
2021-02-01,germany,320503.95849479333,5,2021,4,67042.05659304568,31013.631382747677,25448.213468736692,14654.835004845834
2021-02-08,germany,318852.47650840506,6,2021,5,19743.402960104977,36499.15804831839,19600.234646947778,10939.517237374637
2021-02-15,germany,312433.72694540943,7,2021,6,28511.62177099261,34492.80852279517,22336.06296591334,11333.974017241519
2021-02-22,germany,337695.2805510707,8,2021,7,103869.52942466692,21846.447864880993,26179.329498604304,8136.5836703956475
2021-03-01,germany,348737.6859759743,9,2021,8,69779.47210463675,31114.648264092277,19455.262443475876,8026.560578555901
2021-03-08,germany,331850.75989612145,10,2021,9,41698.47202378875,34579.670986916586,28103.4053351387,9874.406352853857
2021-03-15,germany,328727.2181124352,11,2021,10,24813.73627818539,26112.862692415383,17138.425946851232,10147.085495202888
2021-03-22,germany,315843.03445384605,12,2021,11,30478.646888782223,28422.074899656214,23721.724237352588,6762.027557136444
2021-03-29,germany,398852.2220821461,13,2021,12,115344.06881218663,35247.436655234174,66810.96602809838,18909.62154497959
2021-04-05,germany,401395.80144328857,14,2021,13,113300.49343246738,49629.56331572048,62753.36363982537,19659.224927832714
2021-04-12,germany,332926.7254171592,15,2021,14,37948.38796057981,23936.71698085196,35903.715941569346,9389.154624615087
2021-04-19,germany,317889.99526095384,16,2021,15,39104.83953979148,28959.325249726433,18427.8896470895,8330.362815602886
2021-04-26,germany,311324.1871085571,17,2021,16,35675.883736165444,22259.437526485763,15846.256416578053,8799.351772981865
2021-05-03,germany,314724.28350248677,18,2021,17,19310.966016758506,30550.30745343721,17498.80038044734,9461.332735570371
2021-05-10,germany,285382.6614541508,19,2021,18,30673.746279871706,32872.03898304627,26544.491683942102,9981.616964755569
2021-05-17,germany,309464.79026182013,20,2021,19,62738.45121955258,25089.966802644685,25564.070192546344,11062.305292532888
2021-05-24,germany,305850.29566723166,21,2021,20,20035.29245115921,23817.15524481407,23225.87125962756,12167.352424435787
2021-05-31,germany,283202.0418769484,22,2021,21,36121.37278300891,20461.40770182556,17149.32612191752,9241.604782088747
2021-06-07,germany,293008.0387918561,23,2021,22,26358.360874150014,27193.595537352812,27588.816028612328,8947.318279130823
2021-06-14,germany,284329.8646536282,24,2021,23,41986.06193305873,25963.817331508915,16819.063336028776,10698.635689679631
2021-06-21,germany,290819.9948454771,25,2021,24,32699.045871532227,22472.43857940608,30612.917624372127,11075.706168333607
2021-06-28,germany,289607.26575943525,26,2021,25,83126.14906822794,30383.3521555879,46947.961380608205,8986.693707284252
2021-07-05,germany,299926.91675820487,27,2021,26,51159.799972710796,26561.052778188387,25261.67622215788,11480.658942163118
2021-07-12,germany,321723.9983588364,28,2021,27,20609.680794366275,24205.518040469735,26747.69308278645,11923.391717537655
2021-07-19,germany,311291.960653573,29,2021,28,55549.610012123456,26199.875494972475,20500.55097410466,12691.371918983376
2021-07-26,germany,317622.3226265799,30,2021,29,26959.522154280858,33469.53763023299,14792.331187948144,13988.69179556099
2021-08-02,germany,304982.10947879206,31,2021,30,29759.973040924073,31230.02780832876,20065.01762261228,8242.484910455954
2021-08-09,germany,309329.8309985264,32,2021,31,46459.08346853641,28006.457575356108,17804.11163683831,9829.270647954523
2021-08-16,germany,322272.00026293367,33,2021,32,31055.89917619498,31368.50216220991,16344.60047476291,9824.120451947663
2021-08-23,germany,428198.48847901006,34,2021,33,173766.04319420247,40871.3561379358,86895.21544145425,19223.193789515517
2021-08-30,germany,458317.9904653909,35,2021,34,75492.01402784068,48931.496418257404,60662.40359526009,17216.69735943842
2021-09-06,germany,444583.1339697966,36,2021,35,81598.31650212235,49832.31267268319,62491.20958174824,14564.977897576533
2021-09-13,germany,377116.26941052894,37,2021,36,28602.01137059928,26748.03588780671,21985.32500004457,9985.369604931191
2021-09-20,germany,365075.2785693001,38,2021,37,29929.4550912452,30669.073619486866,22814.778709732876,8405.732899403587
2021-09-27,germany,378109.11132914387,39,2021,38,68803.75125748223,25581.527388645125,30409.633971058385,9972.026161399412
2021-10-04,germany,354267.20188815705,40,2021,39,54383.49116510356,31075.139587196743,23772.58495035291,8362.658547812369
2021-10-11,germany,368797.2701791594,41,2021,40,93376.01063328925,31302.981206615856,27447.807631373937,7866.81613838557
2021-10-18,germany,375095.9883548309,42,2021,41,123406.5996391582,18622.304737756633,22956.640637960467,10272.236444868597
2021-10-25,germany,383109.21019484376,43,2021,42,23719.65368281027,34517.94658626725,22199.407688560757,10102.363419011255
2021-11-01,germany,342029.62357470987,44,2021,43,41135.52294488966,18297.933677876194,17062.29056155495,11006.010000283599
2021-11-08,germany,350918.0955549163,45,2021,44,22055.507224333945,26377.8639319112,14837.497372900301,15176.646718453792
2021-11-15,germany,367554.78906191053,46,2021,45,26919.73136988151,33775.45077957167,22855.68498373222,10360.940341187723
2021-11-22,germany,467148.3620742625,47,2021,46,81145.2413301166,46991.50157330565,59571.58965503867,21601.194778219346
2021-11-29,germany,548025.4706733816,48,2021,47,65542.87245907361,39592.170320093624,42713.60994760278,15803.319419051399
2021-12-06,germany,477505.0911683446,49,2021,48,65715.72684926551,41908.90012968748,58581.96621705479,15155.307269784429
2021-12-13,germany,430022.80712627165,50,2021,49,36948.32447062583,33918.679775194934,25028.383831849267,13452.311934924366
2021-12-20,germany,417634.4345178907,51,2021,50,21613.179282206787,21817.313399903993,14448.14309599438,8148.950427088944
2021-12-27,germany,434424.54287879495,52,2021,51,169413.99374678035,58668.675271652304,47429.81236361849,15909.93026519998
2022-01-03,germany,382591.2106109393,1,2022,52,25097.938745229494,28923.754503573327,27587.834422084048,9725.636222979945
2022-01-10,germany,382517.98428735236,2,2022,53,161813.9105753482,24411.85141876739,27531.178102237624,9626.758938343582
2022-01-17,germany,367305.6307975735,3,2022,54,31689.020495785968,26774.776455989406,18786.36252812071,8183.204251539529
2022-01-24,germany,376148.14410177106,4,2022,55,41168.41395412079,25111.938671294694,26158.062486441046,9221.986309646043
2022-01-31,germany,403608.0638840792,5,2022,56,20780.018948588695,33343.41524558936,32561.895745038048,12534.191580164465
2022-02-07,germany,364445.50107908674,6,2022,57,93196.33238585567,32713.57733094952,30716.645457025308,8342.695547023748
2022-02-14,germany,370529.5276973923,7,2022,58,69505.98265075403,22670.20164812559,24771.91439696751,7417.563219161821
2022-02-21,germany,363572.0520722497,8,2022,59,46068.08565577303,27643.378177883948,22635.81541673713,11835.503876478368
2022-02-28,germany,364174.05525869736,9,2022,60,20252.155156692603,25827.677308129256,21806.037283459715,10816.194214716263
2022-03-07,germany,363082.9488606128,10,2022,61,44123.65038599598,35728.565602454466,28774.03583051748,8657.979392638432
2022-03-14,germany,348823.8225115342,11,2022,62,22667.83516920181,24056.58258133832,26958.26699538837,7143.134529641833
2022-03-21,germany,371918.11300241284,12,2022,63,82503.45089589682,37508.11827434413,30140.220849031324,8445.725215503498
2022-03-28,germany,437704.566792014,13,2022,64,166647.24498568987,49926.732044384444,64067.82057099723,19390.657660417368
2022-04-04,germany,437812.5727601197,14,2022,65,116629.40466279657,42193.2443583086,76299.03280410134,24751.019783281085
2022-04-11,germany,346106.0465319394,15,2022,66,11745.552498214929,26717.810543058462,26606.19755035574,7966.686804439842
2022-04-18,germany,365641.00201170385,16,2022,67,24287.322355493005,26250.32070710501,31711.00349428567,9637.686755379153
2022-04-25,germany,348938.8921888219,17,2022,68,56010.71745620542,24476.849990907864,32498.461721724372,11219.058960601951
2022-05-02,germany,347536.4574906323,18,2022,69,72828.27958651344,30088.53078556977,21441.98499005102,6088.073083288437
2022-05-09,germany,325330.1639997347,19,2022,70,69147.87971410532,24698.245306487228,16733.991505039077,12053.346347637273
2022-05-16,germany,317803.5882347678,20,2022,71,17915.315985633923,21431.549295589124,38797.15056661323,7737.62643597708
2022-05-23,germany,331914.6754878489,21,2022,72,46175.00540669886,28105.549938049782,28208.79426176039,10474.923803841133
2022-05-30,germany,325002.3696797965,22,2022,73,65984.51531179938,22725.5446103342,17285.070205520453,10297.71187929819
2022-06-06,germany,323863.1536344175,23,2022,74,17330.963631141916,26631.464817774282,22264.76187231261,12176.43311006216
2022-06-13,germany,333556.80408883584,24,2022,75,39555.7168859033,26037.859197051086,32376.21991026177,10943.765891657784
2022-06-20,germany,301976.1348876675,25,2022,76,45539.66429351634,26212.44045726332,24966.42514491299,6092.917278226202
2022-06-27,germany,320614.3219559606,26,2022,77,34167.68100247355,40368.93288144871,23627.97260401195,8378.167737935542
2022-07-04,germany,325955.8315231756,27,2022,78,15730.186322946125,30185.970734503346,38231.60841399407,10076.702930049887
2022-07-11,germany,322172.95757784875,28,2022,79,33744.36480825599,31084.853904473806,20792.98928251036,9427.105614629356
2022-07-18,germany,306984.00906625774,29,2022,80,33717.25670328539,22976.105678463467,22195.61689679091,10784.471106908484
2022-07-25,germany,334557.0850051617,30,2022,81,36878.41009351248,27216.395490977757,28653.49139638263,11478.30123765606
2022-08-01,germany,314780.35968835803,31,2022,82,29961.906068156473,31037.896697322623,30055.26707665282,11070.406205155485
2022-08-08,germany,340863.846079672,32,2022,83,31821.953497397248,25796.367846773715,30954.099850837414,9390.796411531262
2022-08-15,germany,330806.65605579375,33,2022,84,38931.72023692174,34505.6115585599,34440.207992194366,6775.530665910028
2022-08-22,germany,453096.7844774749,34,2022,85,138727.171510546,42782.78498351747,69374.82913644367,17897.05230849306
2022-08-29,germany,479109.383607947,35,2022,86,95494.48771157343,49135.651420836824,74830.15516893678,21306.366040070407
2022-09-05,germany,472931.86282419704,36,2022,87,90600.29261297245,47022.750802530434,62244.37421010085,15762.643782285204
2022-09-12,germany,398175.4782598895,37,2022,88,41589.15802490895,30986.717297630465,28192.94641106286,11121.053672095735
2022-09-19,germany,378501.14081997157,38,2022,89,15198.618367148456,27490.3910992778,28596.270224016458,11754.824504514141
2022-09-26,germany,377925.59957412246,39,2022,90,50409.52036570072,29086.53918196846,29463.811912800487,10053.878578402591
2022-10-03,germany,383930.07098815904,40,2022,91,39701.18123214589,29267.846568687146,33971.39076852932,5311.2601300754395
2022-10-10,germany,377541.7006751564,41,2022,92,40508.39566783519,27187.311546725465,32270.89369524116,7591.0310124642165
2022-10-17,germany,383917.95947107626,42,2022,93,64201.69701278739,32677.021400636462,28486.46434530302,14293.757803193374
2022-10-24,germany,370011.27801285463,43,2022,94,14958.126410243915,31521.372181232506,23082.824231985825,8787.036711061377
2022-10-31,germany,342909.5082077426,44,2022,95,14801.752039943369,30042.55720778921,28826.169015806245,6591.338563963224
2022-11-07,germany,370823.394396345,45,2022,96,45538.78645698142,28569.44505854512,28229.199039586227,12548.919555243843
2022-11-14,germany,355568.3329441661,46,2022,97,39571.29818671596,34376.99693872394,29923.74221608135,9828.203998412902
2022-11-21,germany,511342.62617828127,47,2022,98,121070.18013144516,50106.896700403595,119158.24474709993,24452.204399500657
2022-11-28,germany,599773.1671341535,48,2022,99,88253.94252901332,49626.68539442717,60393.01092462027,20720.509536065427
2022-12-05,germany,550513.2178816074,49,2022,100,155005.2122962272,52838.299603125015,76737.02704674141,21486.91404574378
2022-12-12,germany,470344.48088451027,50,2022,101,63306.113943170974,39503.60945193281,37692.24525451988,10540.099070391767
2022-12-19,germany,472149.5970957203,51,2022,102,50584.92650451147,25074.467891541666,29661.053278307372,11269.306097333289
2022-12-26,germany,492803.47280989826,52,2022,103,97599.0419953234,58557.53818057648,124993.2699464545,30914.28464305007
2023-01-02,germany,420141.2332565016,1,2023,104,13843.527514973593,23125.29108156445,26491.27846581262,11902.951090675178
2023-01-09,germany,394424.2617874688,2,2023,105,58339.56999782334,31769.065041777903,31669.155729167123,7145.7461058708
2023-01-16,germany,408316.7651060136,3,2023,106,73151.0749773583,38984.49369970473,23989.469638351453,10717.92309838118
2023-01-23,germany,402502.19097695453,4,2023,107,54813.78403237887,33155.258267328936,26908.19078505767,12315.778517851322
2023-01-30,germany,398417.5168178472,5,2023,108,25580.779688641902,31642.2833839299,31360.241638935026,12467.499948423654
2023-02-06,germany,385824.0295952513,6,2023,109,55620.9365262304,28384.199257334963,36520.689942594676,9000.355678442058
2023-02-13,germany,395375.18314187985,7,2023,110,61064.29611561748,31048.690292301755,32106.93818585616,12373.709027856801
2023-02-20,germany,386619.29622177454,8,2023,111,86580.15339011479,29787.523306109513,40734.38851875509,11800.401695742596
2023-02-27,germany,392030.1406102685,9,2023,112,25626.001705896124,27522.45057867336,29123.57930438591,16396.839131794048
2023-03-06,germany,384146.47354808665,10,2023,113,35461.060158226195,29678.31681162439,27529.07821361105,8436.645236340786
2023-03-13,germany,386498.15860137646,11,2023,114,57702.38547278474,31965.420918594224,58984.62129282289,8856.086632540073
2023-03-20,germany,362741.1146032547,12,2023,115,40868.824101729624,27682.888764965723,33209.48069952201,9219.873186535488
2023-03-27,germany,451974.1722197821,13,2023,116,63600.29482355627,46832.73980264948,60513.70364241,17773.131374385
2023-04-03,germany,444633.91181349114,14,2023,117,136809.58239260063,43141.60240502134,61079.10337882263,16407.328972975858
2023-04-10,germany,375070.9835082984,15,2023,118,53037.18687545126,33032.90888166124,23988.931448985295,5640.935902253497
2023-04-17,germany,374852.48631541606,16,2023,119,41497.94624483536,33841.69219016071,38490.072885613066,8985.796807284
2023-04-24,germany,356028.6316774187,17,2023,120,44320.83813995536,32318.622652039743,27886.960324987736,10553.490992332945
2023-05-01,germany,353801.8885703644,18,2023,121,34893.81311764891,36113.60356413234,31629.481952618975,8881.23588796777
2023-05-08,germany,362389.82274327776,19,2023,122,83162.9517865267,31692.29832677261,30246.103924091658,14435.079632123692
2023-05-15,germany,370416.5652119593,20,2023,123,25312.95697188267,33204.80823359837,37007.22485223059,9828.24374605434
2023-05-22,germany,345901.3623663591,21,2023,124,29606.742080644486,32801.30054358826,25016.848644089223,12689.703340512715
2023-05-29,germany,350690.397869261,22,2023,125,39931.09112048359,30943.44083543056,23696.752283448535,10328.108671743299
2023-06-05,germany,346312.3523771165,23,2023,126,61629.42922543389,28999.201001203106,32894.350036430405,11563.649972483823
2023-06-12,germany,356913.99196962523,24,2023,127,18783.44514907211,43816.65274777036,36250.81685463206,10364.986089070457
2023-06-19,germany,342085.80575146014,25,2023,128,20625.21001857317,29403.03516238374,33999.66532029297,12888.584786935935
2023-06-26,germany,316863.10269865114,26,2023,129,14336.34951121513,28502.972967259626,25632.20784027343,9912.265830456416
2023-07-03,germany,338437.15347179596,27,2023,130,40366.8983924247,33649.25872904493,37284.5798100818,10824.469162845227
2023-07-10,germany,325189.710578865,28,2023,131,22703.283944145478,32775.03888604043,26212.56557615425,10547.107795421623
2023-07-17,germany,323997.9053603121,29,2023,132,32765.87032433216,25589.185530064926,27793.855678103995,9252.816589792716
2023-07-24,germany,354190.81147040834,30,2023,133,55276.705700756036,37423.16106878543,25083.41238433847,10628.951555546892
2023-07-31,germany,353803.1847418301,31,2023,134,28814.857207340814,31210.618345607363,44100.90235527405,15324.64538990608
2023-08-07,germany,369484.9047318507,32,2023,135,44580.810167916796,26822.66907161097,37432.583843585795,9285.97970990071
2023-08-14,germany,372316.4944506037,33,2023,136,34192.062821623396,37909.59220809102,37278.99452398847,10659.783101342438
2023-08-21,germany,514747.55932119896,34,2023,137,155607.85064678267,59285.55252094125,105366.92435978795,25211.19302916056
2023-08-28,germany,502991.8892255351,35,2023,138,141012.13360691373,44693.69804784221,156304.14271710304,24625.510793908226
2023-09-04,germany,501713.85120020533,36,2023,139,78674.18303625229,70604.27771831567,50619.172765085066,19649.964999109157
2023-09-11,germany,413684.0919441475,37,2023,140,36500.88887640324,35152.7960759544,26965.80455380797,6085.490628763805
2023-09-18,germany,412670.1182950245,38,2023,141,66922.43007742008,31828.262081772165,27885.740039370605,10869.119082967247
2023-09-25,germany,411671.10584112885,39,2023,142,48344.42571131201,40504.63363530344,26375.876484767152,6288.296713464559
2023-10-02,germany,385373.405392019,40,2023,143,19750.552406290783,32713.16922360945,24996.965201723768,13151.982913833212
2023-10-09,germany,407097.64069649053,41,2023,144,55117.73426458983,31838.304116139436,30454.46083392933,10139.917552701558
2023-10-16,germany,412479.6559242093,42,2023,145,23089.01997003879,28986.698172992023,24288.19249272035,11971.393118522974
2023-10-23,germany,402559.7499011826,43,2023,146,80472.7827484153,34958.41194010722,35905.74664257785,8183.85135297242
2023-10-30,germany,409295.28081756865,44,2023,147,66268.31700132656,34445.263684094425,33550.67068221265,7185.632874070883
2023-11-06,germany,418781.96924226615,45,2023,148,45906.43152998505,32171.551892625743,37464.16771464554,10326.733000240274
2023-11-13,germany,403401.5952779929,46,2023,149,42960.40645884701,28542.15469938055,37828.22073097967,9736.331509799893
2023-11-20,germany,525050.8617501988,47,2023,150,100159.68665854179,55756.683653996595,93255.14684402957,17768.444591668533
2023-11-27,germany,618759.37937402,48,2023,151,156107.34547862923,54165.13813561133,73275.82990700635,19938.7391372927
2023-12-04,germany,564356.9564981838,49,2023,152,92378.3664790404,44857.26967757029,137121.09030722952,34097.34261112981
2023-12-11,germany,496666.939592615,50,2023,153,44676.49056356575,25870.57463704117,35755.821905613775,11582.440514276594
2023-12-18,germany,494382.3896929169,51,2023,154,61413.49952944418,35150.91215555991,21231.3666695278,12091.283416054512
2023-12-25,germany,478427.32182011916,52,2023,155,83963.20231530382,37196.775060814485,63368.76954423448,23208.524623826932
2021-01-04,japan,229253.6438998338,1,2021,0,33209.550829139174,26384.612306770945,20789.862677593144,7886.140807687517
2021-01-11,japan,214219.74106276804,2,2021,1,11805.992116248817,19254.967708336044,13134.366105032592,5694.220282385448
2021-01-18,japan,213732.48325164733,3,2021,2,26892.353458693688,21773.25766315314,16230.685835528242,10396.017344239266
2021-01-25,japan,246744.4215394412,4,2021,3,65550.15155493005,20043.376093730647,17574.8408170545,6842.2637273612645
2021-02-01,japan,269882.63408416585,5,2021,4,46731.378193004486,22828.48004313949,17370.2334928751,11771.97344550942
2021-02-08,japan,253608.39103396595,6,2021,5,40178.569445901674,19052.570666533407,16895.199305253725,7790.8243581514225
2021-02-15,japan,272223.7070463193,7,2021,6,58804.044355176266,21429.949568119697,19737.144698489872,9631.627886361111
2021-02-22,japan,269033.70469917404,8,2021,7,45290.743600042224,23600.09579138945,17023.672301793275,7758.437554724266
2021-03-01,japan,285971.01724276063,9,2021,8,65414.11432230705,19001.732167443475,13183.688897974991,7793.52121612399
2021-03-08,japan,282877.85272961215,10,2021,9,56406.63511317728,19940.68013193445,24799.511527029324,6977.116168563649
2021-03-15,japan,289013.01327282353,11,2021,10,76303.94828554467,21066.0987688238,24711.20274034896,8030.656877609001
2021-03-22,japan,282190.4719293565,12,2021,11,42703.12060852123,17947.45222463119,25445.357613780918,8356.51338224187
2021-03-29,japan,337321.70247354737,13,2021,12,140441.9014906797,37643.90302150746,34074.26185078859,12736.141331758017
2021-04-05,japan,339758.07816784945,14,2021,13,76676.87424935243,40909.92234959278,57261.99143086849,14531.03264162785
2021-04-12,japan,277785.75878116844,15,2021,14,26499.928980238925,21069.619091162727,24574.13951947949,6940.832807975888
2021-04-19,japan,263697.6939910718,16,2021,15,84120.9613696664,21521.577130868856,15297.294970196283,12420.82321367123
2021-04-26,japan,272948.6153746344,17,2021,16,39963.790138950324,22393.600930989753,20552.305477949903,7702.118244359192
2021-05-03,japan,270017.07316319284,18,2021,17,53694.53583006774,20397.186593557497,19922.34516610851,10681.229749836624
2021-05-10,japan,277797.517272396,19,2021,18,38234.58480146666,25013.505178940533,34611.667659258186,7540.715530927277
2021-05-17,japan,278827.2148437998,20,2021,19,26832.454266967372,28026.520501500905,35560.64568275772,8258.963290133477
2021-05-24,japan,260592.90463873127,21,2021,20,36210.92638275382,21117.359931528,13070.436299254368,6020.49045751895
2021-05-31,japan,256516.7601626251,22,2021,21,73911.31806325045,24398.709559530485,42041.79665181611,7170.870266351722
2021-06-07,japan,255708.47725530592,23,2021,22,47631.2233336137,21928.911776894507,16250.010250261726,8178.824824747935
2021-06-14,japan,259121.59244583803,24,2021,23,15350.244187845272,24060.45487806539,27741.716334615838,10768.68416628492
2021-06-21,japan,277399.544920989,25,2021,24,32467.683273637635,28864.47057543892,27773.441397919192,8197.572691476676
2021-06-28,japan,265351.4286192884,26,2021,25,88235.89551022234,24681.190896499284,16079.40952149833,10341.713943661238
2021-07-05,japan,267978.4572160847,27,2021,26,32556.206678656315,17561.83956885194,24494.284603264514,8913.681679577427
2021-07-12,japan,254894.71265419776,28,2021,27,14740.909935344172,24577.659255553837,20784.497564705784,10858.213623365358
2021-07-19,japan,271406.8383620692,29,2021,28,93540.07051551137,27678.780962554243,25116.406308491558,7749.536988946639
2021-07-26,japan,286572.1815544026,30,2021,29,51114.14242378763,22297.958006901557,23032.105526584415,12647.835373476875
2021-08-02,japan,273405.47881190974,31,2021,30,35123.06491330059,26818.119348376975,30303.643946459404,7116.117637656353
2021-08-09,japan,271381.7394355898,32,2021,31,30239.68384508825,20867.923196891395,22228.979155471392,6727.13384035673
2021-08-16,japan,274883.48968033586,33,2021,32,62617.16424050163,18557.938790333505,20848.295926061903,6156.023120535195
2021-08-23,japan,376098.6249831852,34,2021,33,69558.0737280709,42720.91269271392,77531.04259178643,23748.048582649317
2021-08-30,japan,384169.85679042595,35,2021,34,162111.02006700047,32202.35867613736,67375.6254232622,17552.299068319113
2021-09-06,japan,360898.3823698147,36,2021,35,119851.1241536572,40509.78539095835,70574.73458807562,13935.942319935451
2021-09-13,japan,333325.49884458736,37,2021,36,41355.376154580365,28353.39819035305,18433.336119803804,10066.832217802266
2021-09-20,japan,303890.36949040403,38,2021,37,39394.19100866636,17588.655423697783,16635.907834397065,8997.798881510818
2021-09-27,japan,304498.52389607806,39,2021,38,33594.973192608464,19371.289266210533,19091.951936752495,11619.294507669783
2021-10-04,japan,299081.24311394355,40,2021,39,61909.89535223372,20144.065329642875,18885.437361097982,5753.883252538781
2021-10-11,japan,298931.0901641799,41,2021,40,23835.785679608212,23341.07259217609,28116.28426107546,7436.271048313155
2021-10-18,japan,300217.8851063374,42,2021,41,16344.580987877898,22350.597280919035,29769.389859971074,7148.748203118178
2021-10-25,japan,284320.62824314984,43,2021,42,50052.80406915834,29182.786220454553,21774.960000819035,5284.114239930698
2021-11-01,japan,303299.1890338859,44,2021,43,50525.44811732755,27353.891863222576,34084.62876865848,9693.998499490977
2021-11-08,japan,311562.10040308704,45,2021,44,46898.14136981509,25584.72547875086,33627.78432397682,7428.7843418566545
2021-11-15,japan,299299.0217558443,46,2021,45,45273.46747362757,24326.033646139513,24638.86137765948,9091.753398181207
2021-11-22,japan,383837.3543271972,47,2021,46,78718.40667586913,45534.564973043394,47729.3733058872,23884.98012473199
2021-11-29,japan,493207.1201294941,48,2021,47,137124.33292145963,37795.41844455357,93763.36175595927,13882.74482494797
2021-12-06,japan,439247.09706391505,49,2021,48,90501.56456783536,49011.98201333608,59535.68503318643,13695.466029685
2021-12-13,japan,374410.94579293934,50,2021,49,29058.126616974125,20305.42203441281,24226.99653683487,8029.918477171519
2021-12-20,japan,360978.52700361656,51,2021,50,31750.510839438666,27248.518034553443,21349.833261130556,9553.341726366456
2021-12-27,japan,390652.8699445621,52,2021,51,255051.26198907473,51800.43927151637,47774.66661948726,13302.511111607018
2022-01-03,japan,319535.9027189023,1,2022,52,15617.083799576478,24911.219445501316,15688.035300982965,6911.932198807984
2022-01-10,japan,331364.5955793865,2,2022,53,47786.68403027752,23553.033792725437,28369.440623295406,9687.916581615407
2022-01-17,japan,313198.88365919585,3,2022,54,16091.597772630166,25731.890120486685,19158.550686563416,8458.479306425465
2022-01-24,japan,302421.53154941736,4,2022,55,35330.10040450445,15807.031051221866,56416.52925689924,5209.562551929626
2022-01-31,japan,305172.2415950173,5,2022,56,30055.261290240855,25457.72759557698,17742.889808774074,6137.166673235542
2022-02-07,japan,298740.84033471276,6,2022,57,13175.207248758441,23966.942989445997,16979.562126079072,10587.655155307333
2022-02-14,japan,297635.819960698,7,2022,58,45438.93191067152,24241.896360495495,27963.73095711081,8497.969038468518
2022-02-21,japan,306992.30700658646,8,2022,59,30964.176598329897,27211.902986886307,37347.62427898805,6732.8757497533925
2022-02-28,japan,284523.25071989786,9,2022,60,13121.423850503419,24250.985964430347,24881.850787523428,7578.835881585907
2022-03-07,japan,300580.98372326104,10,2022,61,57090.23120600409,20710.47451039217,28797.06432101368,7862.376199729194
2022-03-14,japan,303051.6475989742,11,2022,62,76965.06085606004,24105.938425016062,14699.953277479355,9084.668511547805
2022-03-21,japan,296368.85993628105,12,2022,63,79194.7608894391,24923.221113165393,20457.02574585708,5976.223595491182
2022-03-28,japan,361659.6286909467,13,2022,64,112574.63542009576,45272.119317611614,47794.98299251454,12592.552907253983
2022-04-04,japan,349207.5763425522,14,2022,65,96367.28501239044,45683.50064182464,38126.60235835384,15734.98502514199
2022-04-11,japan,321982.29908167943,15,2022,66,73253.4090353033,29007.835577901275,25861.623270899174,7686.569810725944
2022-04-18,japan,300818.0095465591,16,2022,67,87534.91734211092,21131.2597484444,13410.070634256506,8791.746452098741
2022-04-25,japan,278153.8801315378,17,2022,68,66595.02187968609,25585.13970951919,17422.71560559941,6132.11712966693
2022-05-02,japan,292630.51200385543,18,2022,69,23619.583469993748,30299.890294811732,21792.534975350125,8422.167996946466
2022-05-09,japan,277578.9006304225,19,2022,70,41867.79451422756,19287.571315963418,20150.190216144612,9754.788235688453
2022-05-16,japan,300310.9949320684,20,2022,71,47209.82604801178,25754.198040613246,28530.114094086704,8643.479754604225
2022-05-23,japan,262997.28458918596,21,2022,72,15348.764675633627,23007.997428538252,27924.941741197686,8062.824179568684
2022-05-30,japan,267458.7659498486,22,2022,73,48015.472765194616,23808.438819096176,33056.34319429476,7692.646104675217
2022-06-06,japan,299319.79410828906,23,2022,74,118431.93315084645,22019.392115890503,31900.10472367746,6635.747430665713
2022-06-13,japan,305391.81813541334,24,2022,75,52394.942107155606,24636.03098912485,35707.52496083097,7729.481802750406
2022-06-20,japan,299650.7304150172,25,2022,76,79562.90925714854,33375.73029187465,26033.618916889776,10088.364320507628
2022-06-27,japan,273301.4982832264,26,2022,77,41775.01129363273,20988.488152621154,28471.074542052516,7657.11928342722
2022-07-04,japan,294842.9515027613,27,2022,78,36790.19311069622,21331.719868663648,30299.577517924292,6563.216112112851
2022-07-11,japan,271920.25526673585,28,2022,79,46222.91521606991,20954.312620384288,27428.039487977952,7106.373972526542
2022-07-18,japan,282285.2817187424,29,2022,80,25429.91296176184,33073.93167376306,23681.15462527038,8162.998797311038
2022-07-25,japan,285348.7362446969,30,2022,81,23640.26464982988,23861.82050481793,24210.87922200138,7277.145926261546
2022-08-01,japan,313055.419519294,31,2022,82,72167.5688449111,25528.176748044654,21220.372052202427,8640.860720586797
2022-08-08,japan,308115.17929376825,32,2022,83,76173.15874463171,24172.345533835545,30142.096554109656,8705.981288210274
2022-08-15,japan,307370.2207196872,33,2022,84,23389.432652098272,22330.67391640165,26194.194741171592,9367.42436781345
2022-08-22,japan,407531.1613710434,34,2022,85,155886.33448500122,44796.801760384835,58304.36000943986,19806.44366345162
2022-08-29,japan,441809.3686371059,35,2022,86,92079.02970443535,67231.63449074369,58552.80509857017,18182.63781805655
2022-09-05,japan,404465.5980372485,36,2022,87,114094.95065542651,57409.855549708605,50422.52123911318,12359.779536560854
2022-09-12,japan,347564.70479813183,37,2022,88,48518.48227286692,22820.882479487962,35941.97098438995,6545.217644521437
2022-09-19,japan,358528.8007849209,38,2022,89,63434.648458664546,28638.466761496995,28045.694151827654,7723.651515051633
2022-09-26,japan,320520.14599679795,39,2022,90,40253.364282221555,22985.975684327153,21633.22186332562,7164.988600148853
2022-10-03,japan,340017.22890489025,40,2022,91,78250.48144675308,19988.468851075948,34681.263313385,6244.969104251048
2022-10-10,japan,328779.00467309554,41,2022,92,45174.82237944471,30463.685532869687,23733.144271011213,7178.591420643351
2022-10-17,japan,336102.90117431304,42,2022,93,52927.609494646415,31175.128953077365,18802.128397438588,7131.623832260595
2022-10-24,japan,331904.24659286335,43,2022,94,25564.411017899176,30707.67248069359,37252.70329506131,6855.64221137073
2022-10-31,japan,330396.1750479184,44,2022,95,114224.00666487616,24511.02261258396,24176.646270618556,7361.646702357683
2022-11-07,japan,330269.2709559183,45,2022,96,49143.468453055575,25702.39938621584,25160.481525214167,9925.743263144062
2022-11-14,japan,342418.31570606295,46,2022,97,55552.56552544341,29549.40312067927,28653.876585359154,8160.367052837074
2022-11-21,japan,446908.290564774,47,2022,98,43555.165759915224,50506.79010687616,101817.9877413621,24426.222382996562
2022-11-28,japan,520328.2299469571,48,2022,99,64571.27854937283,44985.299614657524,74654.01192742515,15415.863321488087
2022-12-05,japan,457604.37308198656,49,2022,100,181102.29968876182,37506.66353697809,53276.37836087467,14059.27433547973
2022-12-12,japan,414973.367601435,50,2022,101,45072.60107372726,27076.657271466855,33515.63287370066,7848.073739744357
2022-12-19,japan,403367.3997360356,51,2022,102,15013.33221500004,31357.082882790968,25227.16323775134,8254.346725121146
2022-12-26,japan,420453.65398963203,52,2022,103,164393.6217597421,40194.70012152636,127975.72805547915,16254.11681719334
2023-01-02,japan,374077.1614561572,1,2023,104,29842.575638633552,29470.761537570143,29118.9441307965,11879.138647083128
2023-01-09,japan,375274.5657590631,2,2023,105,79398.97684016549,28199.77466217252,15640.826319416532,6621.867624624597
2023-01-16,japan,350936.0006276213,3,2023,106,37558.83549950654,30087.294562568957,32451.56663225674,9311.505195129033
2023-01-23,japan,352084.5890810454,4,2023,107,43518.203976080455,30703.45113887655,50813.69633948435,8174.272003044713
2023-01-30,japan,355788.18146882276,5,2023,108,70902.2933574784,24322.624209748876,46013.197221265684,5727.172727515807
2023-02-06,japan,351411.2193826963,6,2023,109,25130.405939155382,21221.839861801713,49616.815218779055,9148.42101837912
2023-02-13,japan,331010.46510573674,7,2023,110,23984.339267493557,25016.730408928295,22423.77458238886,10104.352320421141
2023-02-20,japan,331438.94058246183,8,2023,111,35750.87630569957,31029.545974961566,38669.427677676045,6606.18453428908
2023-02-27,japan,336123.2672358542,9,2023,112,59704.64906964176,25084.95254204912,24568.869758891673,7827.5907516454145
2023-03-06,japan,311390.7644890327,10,2023,113,20315.50454972589,24568.380131890844,32150.619155961267,5553.179736964295
2023-03-13,japan,298075.2390299102,11,2023,114,17181.018384729032,20787.715382384384,21225.345673944303,6096.289148419466
2023-03-20,japan,323775.3113039592,12,2023,115,59780.67546309541,35604.06770647052,25410.617675097474,9670.18516039997
2023-03-27,japan,398875.16278461355,13,2023,116,73304.57842064142,55879.88482895452,65744.0459185779,13572.044512551738
2023-04-03,japan,388822.1403713283,14,2023,117,81532.25578888803,55524.803286595365,102586.43233655325,11935.711025814951
2023-04-10,japan,321718.87401104707,15,2023,118,15696.147380241044,31839.75211365304,38543.67976060308,8209.841475520463
2023-04-17,japan,302948.6456204363,16,2023,119,28313.262560220577,30086.032407822906,33417.921530271306,7063.629800238476
2023-04-24,japan,295504.00429134653,17,2023,120,39647.81525350276,26653.046108914124,21273.386445701097,7136.890734335615
2023-05-01,japan,299762.0911146827,18,2023,121,63434.50290219198,27031.048774481835,28568.58837458772,9091.198492107193
2023-05-08,japan,296056.9221964345,19,2023,122,27118.154507758372,26034.279801172488,25397.385945925875,6215.802687572168
2023-05-15,japan,311618.87995686417,20,2023,123,91423.81981728606,41295.68000072842,40087.321072339786,6542.821530697184
2023-05-22,japan,309037.4181190907,21,2023,124,28375.8798521575,30293.45214159494,43878.94840024853,8086.99762238939
2023-05-29,japan,301063.07174897706,22,2023,125,28425.058422536054,26048.826520570565,42577.37020711573,9519.320782000495
2023-06-05,japan,313136.12170747947,23,2023,126,86357.4667861406,30005.038122534523,25740.497144869107,10044.985974285873
2023-06-12,japan,313847.54604550876,24,2023,127,44547.056174490855,24092.689490571534,14826.997887275786,6864.953032491381
2023-06-19,japan,313510.1162010825,25,2023,128,30441.388072797206,35205.8690108662,19545.82413881725,9458.529576209976
2023-06-26,japan,290127.96539293346,26,2023,129,37160.57663647451,25492.248676183288,47921.22760058057,6703.388085507509
2023-07-03,japan,319780.48093320016,27,2023,130,79071.4035130984,30407.692355069903,28879.836584705994,11298.651824804927
2023-07-10,japan,324959.3747659931,28,2023,131,83756.63634956883,33162.7562531358,26292.511551273743,6250.661740326925
2023-07-17,japan,336209.7054062674,29,2023,132,26773.615557092602,30001.40117671316,51594.95845197712,10228.0843446215
2023-07-24,japan,336141.77452806104,30,2023,133,39472.17895017051,28780.477890329108,46605.37543396583,6876.737372236315
2023-07-31,japan,326532.35494229815,31,2023,134,42219.867858392674,28478.377721201356,33059.493307038116,11729.309944085853
2023-08-07,japan,327737.22639882716,32,2023,135,24672.566141087296,28248.96015623402,30365.35375716789,8826.033332360816
2023-08-14,japan,308420.5615950373,33,2023,136,39329.2679435438,26180.53097926879,31895.305202466374,6399.617582194144
2023-08-21,japan,424988.1491085296,34,2023,137,101469.99731666417,48128.90675227721,92070.64990203184,13421.363546637878
2023-08-28,japan,470696.08110473724,35,2023,138,179146.8698596066,64408.27004780559,135769.1331024786,17418.479256356437
2023-09-04,japan,444956.0881579166,36,2023,139,185455.18201026382,50857.16379363427,98025.29462979,18390.31764878343
2023-09-11,japan,397333.3364584822,37,2023,140,34439.522045223166,25575.717999749682,41210.92456452933,7731.465443377169
2023-09-18,japan,366701.09320226917,38,2023,141,36518.99109129047,26684.054820165486,46843.0617671036,7911.941479520787
2023-09-25,japan,374063.91128979216,39,2023,142,56710.23196783323,34075.01553751785,24431.908748243255,9125.860060282515
2023-10-02,japan,367774.61705796083,40,2023,143,30393.044329490527,32035.60143087176,42045.51176248141,8051.039609118664
2023-10-09,japan,361180.13880133204,41,2023,144,54714.43551242851,31549.38870987044,31465.889467810746,6054.1293100542625
2023-10-16,japan,350631.4168626057,42,2023,145,39050.42496162282,27962.788932222375,16960.187789906824,6664.845261298605
2023-10-23,japan,348698.29960090364,43,2023,146,25156.271112541825,31737.698855221242,18981.78636718472,8219.13958564424
2023-10-30,japan,348686.2528767993,44,2023,147,25340.087974155376,26495.22892001274,26004.938673149914,9999.529330930109
2023-11-06,japan,369944.3882589421,45,2023,148,84380.37504712061,28122.071839524775,40289.62233331015,10833.444113883608
2023-11-13,japan,360136.46486656833,46,2023,149,37886.47787677269,33884.76567306696,35988.783519669065,9164.592574787832
2023-11-20,japan,490372.5201777344,47,2023,150,232821.550604911,60245.09567660713,95819.82326652166,15780.16197687854
2023-11-27,japan,572372.0205055539,48,2023,151,79382.3940234908,45695.098733625855,157764.45119486094,17306.085541418885
2023-12-04,japan,503814.43064524286,49,2023,152,118830.3489900321,46662.76648142094,64295.25664480437,13039.005103068232
2023-12-11,japan,442931.82462988,50,2023,153,136066.1774911683,30017.849368108236,35150.195798878776,7604.919569313629
2023-12-18,japan,463713.61489611975,51,2023,154,24266.79932179664,38336.58720151009,38727.3277967047,6649.990309255848
2023-12-25,japan,447238.5406815835,52,2023,155,39892.386360937766,40042.23436871027,75539.11055532814,11606.286671070371
2021-01-04,australia,68043.85675346607,1,2021,0,21404.40932787254,8455.694252224203,6016.732362285227,6005.660330075355
2021-01-11,australia,73943.52909597181,2,2021,1,4618.513408792139,9061.601232562756,6522.956127254598,3188.1066366767227
2021-01-18,australia,80321.03332456617,3,2021,2,9060.175870484181,7374.901062157915,7610.581125316259,2458.155770247634
2021-01-25,australia,92056.3823801607,4,2021,3,10904.594137539481,9688.105423374796,11630.15319330472,4107.287772814597
2021-02-01,australia,106347.03974998824,5,2021,4,31907.884600134177,8135.6890946440635,13392.420169656561,2966.4856718181736
2021-02-08,australia,115702.46010178454,6,2021,5,19635.55782126548,9124.745752572535,8969.42788072053,4448.790914291143
2021-02-15,australia,112409.0538836156,7,2021,6,10139.644653867552,8630.89098486319,7038.452803870519,3242.540601960219
2021-02-22,australia,128037.46179772215,8,2021,7,25772.114351192457,12045.757415442222,16729.539550727794,3023.4538313493154
2021-03-01,australia,121868.32142836082,9,2021,8,9288.492906409747,12173.940512962108,7001.157757930396,3310.73909944407
2021-03-08,australia,129710.59587337589,10,2021,9,22322.20955321738,9124.230588385753,6739.519563281031,3992.103642581077
2021-03-15,australia,127439.12140845638,11,2021,10,6845.500702866949,9166.460828396497,4720.1191523302805,3278.148700082725
2021-03-22,australia,126832.97996025553,12,2021,11,23142.185086569363,8601.496172490239,12281.965526531365,3106.2556442907
2021-03-29,australia,164650.75224508677,13,2021,12,27667.27044470485,17216.27542859298,30398.252849505374,5934.503170728772
2021-04-05,australia,161216.6275165898,14,2021,13,20308.973792664034,13910.087003306917,47192.767944611885,4788.315102910141
2021-04-12,australia,138048.16394454584,15,2021,14,12212.38293730738,8591.265292121672,5405.463044983697,3714.222200498457
2021-04-19,australia,131935.88067515387,16,2021,15,15669.126806285141,10619.941919509096,12764.985395517035,2399.877392825848
2021-04-26,australia,138344.68997079122,17,2021,16,10672.2191973283,8475.653467819571,8459.43901694971,3139.107982711608
2021-05-03,australia,138604.83337691973,18,2021,17,18065.300509542005,9154.791170495677,10602.181824183213,3993.388067302775
2021-05-10,australia,128915.36342834355,19,2021,18,10252.4562107865,7277.169691959985,5103.283451278746,3645.0592668014274
2021-05-17,australia,141505.05287590733,20,2021,19,18750.088054749092,10273.47344685394,13060.98284561264,3860.617261866052
2021-05-24,australia,132307.5194205896,21,2021,20,17186.450046788344,12392.168140163556,10698.969167063826,3386.3540256212955
2021-05-31,australia,145140.1099698431,22,2021,21,13390.516461741645,10340.998582967542,8393.91386175446,4334.959227175701
2021-06-07,australia,127330.0955164447,23,2021,22,11093.009148861458,11579.08566658718,10357.400218931687,4127.6275872778815
2021-06-14,australia,124798.01346579517,24,2021,23,14950.947267834266,8207.21231376165,6817.592516716922,3750.882588955163
2021-06-21,australia,122843.31088687101,25,2021,24,18285.879253935636,9673.355821505667,7244.992294929318,4129.978181206246
2021-06-28,australia,123485.98534476181,26,2021,25,39013.19194892161,8120.978527676933,7539.053890009716,3986.2370049815295
2021-07-05,australia,131414.9265101914,27,2021,26,22302.716367080582,9058.991629862616,4994.309990207846,3142.0337012493633
2021-07-12,australia,128390.90015933149,28,2021,27,22759.69589757299,10546.060425831754,11332.024123254441,2622.1200924886325
2021-07-19,australia,143515.63486853987,29,2021,28,65578.66229120773,9556.215149961457,12573.240531745108,3731.59364717741
2021-07-26,australia,130359.38762635789,30,2021,29,18155.463173315286,7629.486181568173,7161.195960195157,3826.615819935212
2021-08-02,australia,128337.74775029777,31,2021,30,17909.155036263095,7757.501350156922,9860.419287468538,4266.771134998896
2021-08-09,australia,118347.88759957164,32,2021,31,20025.286917281308,7696.287503241781,8243.237655728286,2844.8169184993876
2021-08-16,australia,123180.8058400644,33,2021,32,8520.740903061587,10212.66432909273,9899.903985482399,2861.8742908581207
2021-08-23,australia,148503.02172294172,34,2021,33,28313.088888908722,20728.228662998674,20913.11881105561,6770.19362297376
2021-08-30,australia,148196.11583829965,35,2021,34,27500.065601013535,18695.428593093304,19464.84121194388,6087.979392565728
2021-09-06,australia,140014.6763010873,36,2021,35,49061.66688839246,11490.38409463309,34961.497255840484,4235.0592191781325
2021-09-13,australia,136686.3337250559,37,2021,36,13038.29786101689,11835.033385836132,8978.491291219034,3697.9721478090355
2021-09-20,australia,115162.43984210445,38,2021,37,15273.022127079557,11027.153581054099,16871.28834844488,2368.5510230510986
2021-09-27,australia,101838.36966122748,39,2021,38,24598.89719244458,7614.875879110991,9373.261442609459,2839.7376130128073
2021-10-04,australia,103771.77432731404,40,2021,39,22033.139795784933,9192.762031172468,7036.6503086387775,4495.600460373802
2021-10-11,australia,106615.14762171112,41,2021,40,13225.010954855865,11361.415910870663,13491.036002069888,4941.845142337707
2021-10-18,australia,102954.80824593609,42,2021,41,10277.641029262466,10490.370206372192,11338.123323803347,2690.243459210151
2021-10-25,australia,100953.33468754754,43,2021,42,25396.30468914084,7952.8187956259235,11728.011717545694,3211.9706582837653
2021-11-01,australia,103710.21171513933,44,2021,43,21240.503599538166,10628.084889395548,13545.92860629552,3460.065339400441
2021-11-08,australia,88831.16988861898,45,2021,44,6474.257369974377,7051.64981022644,7830.720158287225,4898.8885556569485
2021-11-15,australia,92723.30964886567,46,2021,45,12383.727983733763,9416.480236107996,9213.823557894892,3108.6519602599446
2021-11-22,australia,120430.42953721009,47,2021,46,39409.495368458796,18514.97463649194,25586.194250355715,5613.491118743483
2021-11-29,australia,143800.8423189401,48,2021,47,53659.681887562,15684.037322211529,18379.785541161444,8417.347417671606
2021-12-06,australia,132326.3041004236,49,2021,48,57414.438198489624,14542.01000007302,25138.13224736253,5729.291083146079
2021-12-13,australia,121597.68490740733,50,2021,49,16825.663870899,11215.2969535897,14581.373303890163,3963.800591321907
2021-12-20,australia,133887.9842016774,51,2021,50,19600.872879540995,11382.618316080148,10538.340136119208,2553.1665560389238
2021-12-27,australia,137655.07074486636,52,2021,51,37837.757129915815,19189.86540735244,18441.566718663988,5967.350846279255
2022-01-03,australia,124401.17977442588,1,2022,52,10485.784633619354,11257.359359451646,6215.473301406608,2461.6789098328454
2022-01-10,australia,122576.01738057111,2,2022,53,12914.001969371971,11635.664852135531,16415.30381878568,2777.8471252329687
2022-01-17,australia,128620.03190601603,3,2022,54,14886.2495549985,11065.177387017016,9744.208224020034,4057.6469617375997
2022-01-24,australia,116565.2262886723,4,2022,55,14521.070354289572,10336.631281283007,8285.717613136743,3396.623636985961
2022-01-31,australia,129055.67081000317,5,2022,56,5766.999327319227,10087.41973220977,9314.25792936228,3218.584994865503
2022-02-07,australia,126397.45556860184,6,2022,57,12160.520567023903,9624.113492378225,6524.335321047335,2953.565379204775
2022-02-14,australia,134107.28828425612,7,2022,58,15287.525699356793,8331.166545182154,15652.763676977083,3282.5867466323725
2022-02-21,australia,135113.70675740088,8,2022,59,12939.017544173485,8675.99492581105,9122.926215225887,3643.6488173781668
2022-02-28,australia,133777.108569973,9,2022,60,13190.784780565826,9617.194256475568,15547.727565257923,4175.96809217193
2022-03-07,australia,133184.63974034408,10,2022,61,19085.407712063952,10423.580170149458,10529.46047811936,2029.3867050649797
2022-03-14,australia,140992.38375747474,11,2022,62,8735.95940967744,12503.05021977226,15999.039796733401,2904.9341831451943
2022-03-21,australia,144242.53880088383,12,2022,63,6651.904880700936,10029.985546072809,11309.747975972732,3541.6128011270366
2022-03-28,australia,185521.34281048217,13,2022,64,31599.086374296818,18809.683567895485,38062.647262502345,6054.349928924495
2022-04-04,australia,181571.10151450272,14,2022,65,55216.85819833231,19062.93222331453,36744.15152821562,6694.088890977289
2022-04-11,australia,161089.70457120275,15,2022,66,35117.33546994716,9807.287516123155,12814.874945022146,3619.265214159789
2022-04-18,australia,158518.50966177817,16,2022,67,22375.810770302527,11123.325361751175,11857.815263155997,3227.763220322975
2022-04-25,australia,154003.23044414347,17,2022,68,7277.464381032317,9828.728257017314,10011.547227813302,3087.5945633722035
2022-05-02,australia,150588.73367784364,18,2022,69,13527.555660413527,12455.435888515201,19167.426722068223,3266.315759078897
2022-05-09,australia,147030.27847944276,19,2022,70,17309.016972968406,11259.489277706733,8260.526710661401,4316.787271625817
2022-05-16,australia,144564.9712396854,20,2022,71,16671.554580840344,8578.509694923558,10911.849203372089,2963.4714902846467
2022-05-23,australia,150121.15978862476,21,2022,72,20016.53474582301,10528.22206195832,11001.265295389934,3387.870740361926
2022-05-30,australia,143232.87344327845,22,2022,73,9683.078932434639,13184.548766650658,12419.45628272554,3558.8284772990614
2022-06-06,australia,145341.48096240748,23,2022,74,15853.24073049351,10040.652670694692,9724.78537379542,4687.189525159407
2022-06-13,australia,151211.39375628612,24,2022,75,18973.85190319656,11056.096901020173,12218.253800516384,3230.708027741522
2022-06-20,australia,140879.040824018,25,2022,76,23283.242134612232,11242.53783891803,10621.092908862509,4155.880418890563
2022-06-27,australia,130944.46589987609,26,2022,77,10319.520778895001,8884.67024716965,6985.9185186621735,4389.252104563326
2022-07-04,australia,145714.4706583789,27,2022,78,13017.77817541812,11228.160773840063,11317.333238884157,3387.228771333564
2022-07-11,australia,129483.80876493696,28,2022,79,4010.7713178653635,8454.860768701526,8152.199116845107,3289.117108485851
2022-07-18,australia,126664.31174792969,29,2022,80,11383.43729754644,9506.456262807898,6774.253213009578,3212.1877083444824
2022-07-25,australia,138023.07528018998,30,2022,81,11973.321545919536,12294.736428377968,11935.228443934582,3259.5799638966396
2022-08-01,australia,129072.4324385828,31,2022,82,9366.075439653034,11059.881029629758,13326.905319908392,4069.869522597348
2022-08-08,australia,136371.03010373947,32,2022,83,16974.131305819916,10035.58350131415,13550.411281285136,3592.918999656663
2022-08-15,australia,133399.3624487013,33,2022,84,15224.55688507906,11254.588972979005,13784.5202384794,3595.9956622196196
2022-08-22,australia,152574.21745498324,34,2022,85,12674.146634129043,16723.16017946249,18324.249299580755,4930.818168188798
2022-08-29,australia,169635.5273309978,35,2022,86,43768.883678520644,16940.26293965056,21860.567661067504,5088.848707885769
2022-09-05,australia,166622.46575868945,36,2022,87,24754.44575217711,18696.329426533932,59741.893105615905,9480.51840034831
2022-09-12,australia,142041.0350457019,37,2022,88,20120.09194420699,9513.326932498436,8664.052477395813,3310.8263918445386
2022-09-19,australia,125140.28774318079,38,2022,89,8330.69440139002,10695.758651201795,14318.9673356983,2938.233555685833
2022-09-26,australia,123380.97151669239,39,2022,90,16084.783647223278,10165.04209035841,9749.724138999985,4567.576699671564
2022-10-03,australia,116536.17065422834,40,2022,91,13780.9441466738,8414.465545035966,12332.149599668686,3629.608089895468
2022-10-10,australia,118440.16421222105,41,2022,92,18511.967013348043,9315.898519898863,10007.342764683712,3851.2352918714582
2022-10-17,australia,112036.64363033313,42,2022,93,16966.029625561947,13558.583183007848,14393.047084068043,3337.2714882393343
2022-10-24,australia,118279.01696134341,43,2022,94,14059.247493791436,11375.880003790791,12734.345061918379,3218.8635110596006
2022-10-31,australia,107827.72419078399,44,2022,95,7424.046782855565,8821.982209548065,10737.808877487329,3316.2867028865253
2022-11-07,australia,92591.28558570542,45,2022,96,7661.857708096159,8556.828991258806,9008.728050917704,2601.8307567108764
2022-11-14,australia,108756.30622255823,46,2022,97,12000.076080809813,10622.307284020131,13444.43582975603,3370.8922994822597
2022-11-21,australia,155636.35278755298,47,2022,98,40085.12235799042,21888.479485098476,24264.74289846943,6551.90763222744
2022-11-28,australia,178402.47501881907,48,2022,99,29755.655744482567,16873.878072670977,39887.85458093854,8940.953868252147
2022-12-05,australia,173275.02625307784,49,2022,100,55243.30543910644,21153.98715855286,77537.41411770781,6282.383498167251
2022-12-12,australia,149068.85567108524,50,2022,101,14086.797488831005,11479.495706128813,18977.12392214141,2150.9886207404525
2022-12-19,australia,141490.76114618874,51,2022,102,10017.565582552723,11710.178461714557,15778.924258149891,3366.810583832418
2022-12-26,australia,141982.64009022474,52,2022,103,35377.89042447117,14316.524140370087,34886.346858560464,10680.8290830612
2023-01-02,australia,139626.92513846423,1,2023,104,18242.83492663357,12608.803904157754,7181.584712303696,4079.752054005605
2023-01-09,australia,133121.6808866654,2,2023,105,19207.154505041846,10438.752169595746,8683.698058686097,2917.086020238121
2023-01-16,australia,142012.69375137545,3,2023,106,41847.33224824992,12518.740075003836,19066.994405713896,3861.2241533841543
2023-01-23,australia,144024.48493190535,4,2023,107,11732.72347481115,9753.589439921876,10290.093736951585,2957.5472217355336
2023-01-30,australia,149853.45297810496,5,2023,108,15832.980816058556,11339.772847693588,10626.176046587803,2616.9289259615675
2023-02-06,australia,144916.6099046464,6,2023,109,20366.56253692888,11664.584793870725,12533.291496511563,3199.802521430846
2023-02-13,australia,151751.40227509115,7,2023,110,16299.248694620144,10833.572450132075,9625.898536326777,3494.0735307153873
2023-02-20,australia,161756.8889431205,8,2023,111,12865.115501599324,11803.955083211438,9207.588942141143,2359.221915866035
2023-02-27,australia,149169.91320850851,9,2023,112,7630.839848677671,10695.160123983178,13169.50551959421,2726.261100914403
2023-03-06,australia,160479.69903849022,10,2023,113,12850.814858682672,10118.747741680178,10283.851979565761,3437.7943249529244
2023-03-13,australia,156694.49849496628,11,2023,114,9717.917031027637,14218.861932556594,10812.638700899846,3161.7584150708853
2023-03-20,australia,160744.1645577764,12,2023,115,7025.294715665428,13106.231622818972,10736.525297158154,3712.5732060085465
2023-03-27,australia,203160.3043797323,13,2023,116,28029.844597470423,16016.457761790622,44670.96948030629,4843.395226790535
2023-04-03,australia,202991.76788659027,14,2023,117,24768.220107223555,19589.841948467547,35800.634206100556,7123.3091314590965
2023-04-10,australia,178904.16322340778,15,2023,118,22436.919363058183,10077.82094645054,13057.9853339134,2707.4606039694168
2023-04-17,australia,167185.2939789708,16,2023,119,22677.16422038292,9450.183862305135,16560.871107543335,4765.05857067608
2023-04-24,australia,175254.73489733634,17,2023,120,10706.712442283684,13207.783475753278,13334.233031537302,2434.183328614135
2023-05-01,australia,159905.12224673753,18,2023,121,14800.992036309866,8776.85335565823,12864.324454005167,2757.3004807867187
2023-05-08,australia,165903.1949201655,19,2023,122,6670.435798449657,13049.623584052746,16184.543999218897,3729.3618346116778
2023-05-15,australia,164654.02483884356,20,2023,123,13218.727227723371,10955.269331017498,17259.599830669722,4785.591433311567
2023-05-22,australia,166066.1864882977,21,2023,124,20703.307738268253,11045.188652127617,13582.39731332713,3653.8140810352493
2023-05-29,australia,168419.51165795076,22,2023,125,25668.62627745353,12148.27996518783,14615.265479248144,3839.470830444034
2023-06-05,australia,158876.30562730203,23,2023,126,11920.683442256655,12489.68039116784,11339.981911026374,3442.7492364149384
2023-06-12,australia,155601.874869355,24,2023,127,28867.71866294851,10132.716426948982,11130.113919972559,2794.0251931577222
2023-06-19,australia,166510.60339637805,25,2023,128,8012.065405139761,12799.137162462855,18239.527973816865,3110.350120667887
2023-06-26,australia,148439.68427793757,26,2023,129,9179.55423353676,11713.271339907467,16631.808147852014,2692.2600939971635
2023-07-03,australia,163907.0712223412,27,2023,130,24474.24842472434,9557.313802265011,16766.979891084095,2656.530571260612
2023-07-10,australia,164618.3183386213,28,2023,131,39660.239590843084,11270.985329106612,15991.635179392955,3717.728086800895
2023-07-17,australia,157794.15838596312,29,2023,132,22054.188680064068,14252.078862225188,14979.131571543507,2740.4643369373907
2023-07-24,australia,169954.20192349906,30,2023,133,16921.979887680427,14927.395534280935,18296.46972242788,3657.112018086002
2023-07-31,australia,156359.9378852419,31,2023,134,5772.993121823861,12952.76401439068,19752.98723798646,2644.2789463007684
2023-08-07,australia,153021.41433905432,32,2023,135,6306.349812467044,9748.889816690473,19710.03796273163,3640.203448452457
2023-08-14,australia,148119.2823413483,33,2023,136,18531.710238123804,12569.760571760882,14621.803606309255,3111.2558491651794
2023-08-21,australia,200624.78988797322,34,2023,137,36380.610821217226,21270.76738726396,64293.077423306175,8181.477355609469
2023-08-28,australia,191396.2840200378,35,2023,138,25081.931073437663,20916.927753996144,45644.352753332205,6588.287244365722
2023-09-04,australia,186460.41819635447,36,2023,139,45142.74559370151,21145.851083760175,51781.97349466329,7906.666085802631
2023-09-11,australia,159059.2100982719,37,2023,140,18547.523157473322,12430.888857262866,16732.01115850432,2949.4939852363013
2023-09-18,australia,146610.83355461597,38,2023,141,28133.93533333661,11667.778892830684,16639.625131455578,3469.434583842083
2023-09-25,australia,146007.00051554095,39,2023,142,18822.777783864676,10788.015381246933,12452.81671103728,2819.460450042866
2023-10-02,australia,149832.59406025597,40,2023,143,32556.002688046643,8908.435441950014,19260.67070057533,3158.325303742487
2023-10-09,australia,142352.37799052245,41,2023,144,17721.163429279517,12486.314765147035,36827.168150173624,3255.487792717173
2023-10-16,australia,140962.71694285347,42,2023,145,16694.729816825955,12226.343046384434,14086.213292111981,2967.1186320787606
2023-10-23,australia,123980.40155815179,43,2023,146,30172.01028819162,12952.895352644671,16182.347973918177,2690.3260561316856
2023-10-30,australia,130165.34875727708,44,2023,147,10886.637856450276,9767.391257153793,13925.874220630067,2585.863523353053
2023-11-06,australia,134648.65327845042,45,2023,148,72673.61013051186,13176.454341792352,13821.035108468523,2148.59329230383
2023-11-13,australia,137504.41679971034,46,2023,149,21507.061797980372,16311.310098475871,25557.22537620152,2777.340112990192
2023-11-20,australia,180515.61847797007,47,2023,150,54025.48927439904,19442.203193306257,36977.17684155064,7000.967912647832
2023-11-27,australia,205065.5483826081,48,2023,151,58182.65708072118,19075.92007799632,39446.90478472452,4485.499798052163
2023-12-04,australia,184313.01248066765,49,2023,152,114618.08199303821,20206.916862303915,28386.66297817037,4697.00496521057
2023-12-11,australia,170440.09893187435,50,2023,153,26708.939292324125,16387.51129659477,13069.115816569605,4908.373787357125
2023-12-18,australia,161131.22018199728,51,2023,154,8070.49340979946,10382.480549547732,9874.966975158373,3020.6249846205046
2023-12-25,australia,171848.25765010156,52,2023,155,90991.54026499117,20008.349457378532,56073.94705761113,6584.766236881169
